ID,METHOD_SIG,RATING,SOURCE,CONFIDENCE,LAST_UPDATED
1,"void android.text.MeasuredText.<init> ()","@DSModeled(DSC.BAN)","SPECTRE",0.99,"2013-08-19 16:38:34"
2,"MeasuredText android.text.MeasuredText.obtain ()","@DSModeled(DSC.BAN)","SPECTRE",0.99,"2013-08-19 16:38:34"
3,"MeasuredText android.text.MeasuredText.recycle (MeasuredText)","@DSModeled(DSC.BAN)","SPECTRE",0.99,"2013-08-19 16:38:34"
4,"void android.text.MeasuredText.setPara (CharSequence, int, int, TextDirectionHeuristic)","@DSModeled(DSC.BAN)","SPECTRE",0.99,"2013-08-19 16:38:34"
5,"float android.text.MeasuredText.addStyleRun (TextPaint, int, FontMetricsInt)","@DSModeled(DSC.SAFE)","MODELER",1.0,"2013-08-19 16:38:34"
6,"float android.text.MeasuredText.addStyleRun (TextPaint, MetricAffectingSpan[], int, FontMetricsInt)","@DSModeled(DSC.BAN)","MODELER",1.0,"2013-08-19 16:38:34"
7,"int android.text.MeasuredText.breakText (int, int, boolean, float)","@DSModeled(DSC.BAN)","SPECTRE",0.99,"2013-08-19 16:38:34"
8,"float android.text.MeasuredText.measure (int, int)","@DSModeled(DSC.BAN)","SPECTRE",0.99,"2013-08-19 16:38:34"
676,"void android.renderscript.RSRuntimeException.<init> (String)","@DSModeled(DSC.SAFE)","MODELER",1.0,"2013-08-19 17:00:04"
1255,"boolean java.util.Collections$1.hasNext ()","@DSModeled(DSC.SAFE)","SPECTRE",0.99,"2013-08-19 18:51:14"
1256,"Object java.util.Collections$1.next ()","@DSModeled(DSC.SAFE)","PSYCHIC",0.9025194058,"2013-08-19 18:51:14"
1257,"void java.util.Collections$1.remove ()","@DSModeled(DSC.SAFE)","PSYCHIC",0.9033246173,"2013-08-19 18:51:14"
1258,"boolean java.util.Collections$2.hasMoreElements ()","@DSModeled(DSC.SAFE)","SPECTRE",0.99,"2013-08-19 18:51:14"
1259,"Object java.util.Collections$2.nextElement ()","@DSModeled(DSC.SAFE)","PSYCHIC",0.9027986175,"2013-08-19 18:51:14"
1413,"Object org.apache.harmony.security.x509.Extension$1$2.getDecodedObject (BerInputStream)","@DSModeled(DSC.SAFE)","PSYCHIC",0.9033246132,"2013-08-20 15:06:23"
1489,"boolean java.util.Collections.hasMoreElements ()","@DSModeled(DSC.SAFE)","FILE",1.0,"2013-08-20 15:16:04"
1490,"Object java.util.Collections.nextElement ()","@DSModeled(DSC.SAFE)","FILE",1.0,"2013-08-20 15:16:04"
1491,"void java.util.CopiesList.<init> (int, Object)","@DSModeled(DSC.SAFE)","FILE",1.0,"2013-08-20 15:16:04"
1492,"boolean java.util.CopiesList.contains (Object)","@DSModeled(DSC.SAFE)","FILE",1.0,"2013-08-20 15:16:04"
1493,"int java.util.CopiesList.size ()","@DSModeled(DSC.SAFE)","FILE",1.0,"2013-08-20 15:16:04"
1494,"Object java.util.CopiesList.get (int)","@DSModeled(DSC.SAFE)","FILE",1.0,"2013-08-20 15:16:05"
1495,"void java.util.EmptyList.<init> ()","@DSModeled(DSC.BAN)","FILE",1.0,"2013-08-20 15:16:05"
1496,"boolean java.util.EmptyList.contains (Object)","@DSModeled(DSC.SAFE)","FILE",1.0,"2013-08-20 15:16:05"
1497,"int java.util.EmptyList.size ()","@DSModeled(DSC.SAFE)","FILE",1.0,"2013-08-20 15:16:05"
1498,"Object java.util.EmptyList.get (int)","@DSModeled(DSC.SAFE)","FILE",1.0,"2013-08-20 15:16:05"
1499,"Object java.util.EmptyList.readResolve ()","@DSModeled(DSC.BAN)","FILE",1.0,"2013-08-20 15:16:05"
1500,"void java.util.EmptySet.<init> ()","@DSModeled(DSC.BAN)","FILE",1.0,"2013-08-20 15:16:05"
1501,"boolean java.util.EmptySet.contains (Object)","@DSModeled(DSC.SAFE)","FILE",1.0,"2013-08-20 15:16:05"
1502,"int java.util.EmptySet.size ()","@DSModeled(DSC.SAFE)","FILE",1.0,"2013-08-20 15:16:05"
1503,"Iterator java.util.EmptySet.iterator ()","@DSModeled(DSC.SAFE)","FILE",1.0,"2013-08-20 15:16:05"
1504,"Object java.util.EmptySet.readResolve ()","@DSModeled(DSC.BAN)","FILE",1.0,"2013-08-20 15:16:05"
1505,"void java.util.EmptyMap.<init> ()","@DSModeled(DSC.BAN)","FILE",1.0,"2013-08-20 15:16:05"
1506,"boolean java.util.EmptyMap.containsKey (Object)","@DSModeled(DSC.SAFE)","FILE",1.0,"2013-08-20 15:16:05"
1507,"boolean java.util.EmptyMap.containsValue (Object)","@DSModeled(DSC.SAFE)","FILE",1.0,"2013-08-20 15:16:05"
1508,"Set java.util.EmptyMap.entrySet ()","@DSModeled(DSC.SAFE)","FILE",1.0,"2013-08-20 15:16:05"
1509,"Object java.util.EmptyMap.get (Object)","@DSModeled(DSC.SAFE)","FILE",1.0,"2013-08-20 15:16:05"
1510,"Set java.util.EmptyMap.keySet ()","@DSModeled(DSC.SAFE)","FILE",1.0,"2013-08-20 15:16:05"
1511,"Collection java.util.EmptyMap.values ()","@DSModeled(DSC.SAFE)","FILE",1.0,"2013-08-20 15:16:05"
1512,"Object java.util.EmptyMap.readResolve ()","@DSModeled(DSC.BAN)","FILE",1.0,"2013-08-20 15:16:05"
1513,"void java.util.ReverseComparator.<init> ()","@DSModeled(DSC.BAN)","FILE",1.0,"2013-08-20 15:16:05"
1514,"int java.util.ReverseComparator.compare (Object, Object)","@DSModeled(DSC.SAFE)","FILE",1.0,"2013-08-20 15:16:05"
1515,"Object java.util.ReverseComparator.readResolve ()","@DSModeled(DSC.BAN)","FILE",1.0,"2013-08-20 15:16:05"
1516,"void java.util.ReverseComparator2.<init> (Comparator)","@DSModeled(DSC.SAFE)","FILE",1.0,"2013-08-20 15:16:05"
1517,"int java.util.ReverseComparator2.compare (Object, Object)","@DSModeled(DSC.SAFE)","FILE",1.0,"2013-08-20 15:16:05"
1518,"boolean java.util.ReverseComparator2.equals (Object)","@DSModeled(DSC.SAFE)","FILE",1.0,"2013-08-20 15:16:05"
1519,"int java.util.ReverseComparator2.hashCode ()","@DSModeled(DSC.SAFE)","FILE",1.0,"2013-08-20 15:16:05"
1520,"void java.util.SingletonSet.<init> (Object)","@DSModeled(DSC.SAFE)","FILE",1.0,"2013-08-20 15:16:05"
1521,"boolean java.util.SingletonSet.contains (Object)","@DSModeled(DSC.SAFE)","FILE",1.0,"2013-08-20 15:16:05"
1522,"int java.util.SingletonSet.size ()","@DSModeled(DSC.SAFE)","FILE",1.0,"2013-08-20 15:16:06"
1523,"boolean java.util.SingletonSet.hasNext ()","@DSModeled(DSC.SAFE)","FILE",1.0,"2013-08-20 15:16:06"
4356,"void gov.nist.javax.sip.Utils.<init> ()","@DSModeled(DSC.SAFE)","FILE",1.0,"2013-08-20 15:44:17"
4357,"Utils gov.nist.javax.sip.Utils.getInstance ()","@DSModeled(DSC.SAFE)","SPECTRE",0.99,"2013-08-20 15:44:17"
4358,"String gov.nist.javax.sip.Utils.toHexString (byte[])","@DSModeled(DSC.SAFE)","MODELER",1.0,"2013-08-20 15:44:17"
4359,"String gov.nist.javax.sip.Utils.getQuotedString (String)","@DSModeled(DSC.SAFE)","PSYCHIC",0.9033246178,"2013-08-20 15:44:17"
4360,"String gov.nist.javax.sip.Utils.reduceString (String)","@DSModeled(DSC.SAFE)","PSYCHIC",0.9033246178,"2013-08-20 15:44:17"
4361,"String gov.nist.javax.sip.Utils.generateCallIdentifier (String)","@DSModeled(DSC.SAFE)","PSYCHIC",0.9033246178,"2013-08-20 15:44:17"
4362,"String gov.nist.javax.sip.Utils.generateTag ()","@DSModeled(DSC.SAFE)","PSYCHIC",0.9033246178,"2013-08-20 15:44:17"
4363,"String gov.nist.javax.sip.Utils.generateBranchId ()","@DSModeled(DSC.SAFE)","PSYCHIC",0.9033246178,"2013-08-20 15:44:17"
4364,"boolean gov.nist.javax.sip.Utils.responseBelongsToUs (SIPResponse)","@DSModeled(DSC.SAFE)","PSYCHIC",0.9033246178,"2013-08-20 15:44:17"
4365,"String gov.nist.javax.sip.Utils.getSignature ()","@DSModeled(DSC.SAFE)","SPECTRE",0.99,"2013-08-20 15:44:17"
4366,"void gov.nist.javax.sip.Utils.main (String[])","@DSModeled(DSC.SAFE)","PSYCHIC",0.9033246178,"2013-08-20 15:44:17"
5831,"void android.net.Uri.<init> ()","@DSModeled(DSC.BAN)","SPECTRE",0.99,"2013-08-21 03:36:49"
5832,"boolean android.net.Uri.isHierarchical ()","@DSModeled(DSC.SAFE)","PSYCHIC",0.9033242354,"2013-08-21 03:36:50"
5833,"boolean android.net.Uri.isOpaque ()","@DSModeled(DSC.SAFE)","PSYCHIC",0.9033242354,"2013-08-21 03:36:50"
5834,"boolean android.net.Uri.isRelative ()","@DSModeled(DSC.SAFE)","FILE",1.0,"2013-08-21 03:36:50"
5835,"boolean android.net.Uri.isAbsolute ()","@DSModeled(DSC.SAFE)","PSYCHIC",0.9033245237,"2013-08-21 03:36:50"
5836,"String android.net.Uri.getScheme ()","@DSModeled(DSC.SAFE)","FILE",1.0,"2013-08-21 03:36:50"
5837,"String android.net.Uri.getSchemeSpecificPart ()","@DSModeled(DSC.SAFE)","FILE",1.0,"2013-08-21 03:36:50"
5838,"String android.net.Uri.getEncodedSchemeSpecificPart ()","@DSModeled(DSC.SAFE)","FILE",1.0,"2013-08-21 03:36:50"
5839,"String android.net.Uri.getAuthority ()","@DSModeled(DSC.SAFE)","PSYCHIC",0.9033245593,"2013-08-21 03:36:50"
5840,"String android.net.Uri.getEncodedAuthority ()","@DSModeled(DSC.SAFE)","PSYCHIC",0.9032115905,"2013-08-21 03:36:50"
5841,"String android.net.Uri.getUserInfo ()","@DSModeled(DSC.SAFE)","FILE",1.0,"2013-08-21 03:36:50"
5842,"String android.net.Uri.getEncodedUserInfo ()","@DSModeled(DSC.SAFE)","FILE",1.0,"2013-08-21 03:36:50"
5843,"String android.net.Uri.getHost ()","@DSModeled(DSC.SAFE)","FILE",1.0,"2013-08-21 03:36:50"
5844,"int android.net.Uri.getPort ()","@DSModeled(DSC.SAFE)","FILE",1.0,"2013-08-21 03:36:50"
5845,"String android.net.Uri.getPath ()","@DSModeled(DSC.SAFE)","PSYCHIC",0.9033199355,"2013-08-21 03:36:50"
5846,"String android.net.Uri.getEncodedPath ()","@DSModeled(DSC.SAFE)","FILE",1.0,"2013-08-21 03:36:50"
5847,"String android.net.Uri.getQuery ()","@DSModeled(DSC.SAFE)","PSYCHIC",0.9033199355,"2013-08-21 03:36:50"
5848,"String android.net.Uri.getEncodedQuery ()","@DSModeled(DSC.SAFE)","FILE",1.0,"2013-08-21 03:36:50"
5849,"String android.net.Uri.getFragment ()","@DSModeled(DSC.SAFE)","PSYCHIC",0.9032979511,"2013-08-21 03:36:50"
5850,"String android.net.Uri.getEncodedFragment ()","@DSModeled(DSC.SAFE)","PSYCHIC",0.9032806015,"2013-08-21 03:36:50"
5851,"List android.net.Uri.getPathSegments ()","@DSModeled(DSC.SAFE)","FILE",1.0,"2013-08-21 03:36:50"
5852,"String android.net.Uri.getLastPathSegment ()","@DSModeled(DSC.SAFE)","FILE",1.0,"2013-08-21 03:36:50"
5853,"boolean android.net.Uri.equals (Object)","@DSModeled(DSC.SAFE)","FILE",1.0,"2013-08-21 03:36:50"
5854,"int android.net.Uri.hashCode ()","@DSModeled(DSC.SAFE)","FILE",1.0,"2013-08-21 03:36:50"
5855,"String android.net.Uri.toString ()","@DSModeled(DSC.SAFE)","PSYCHIC",0.9032680866,"2013-08-21 03:36:50"
5856,"String android.net.Uri.toSafeString ()","@DSModeled(DSC.BAN)","SPECTRE",0.99,"2013-08-21 03:36:50"
5857,"Builder android.net.Uri.buildUpon ()","@DSModeled(DSC.SPEC)","FILE",1.0,"2013-08-21 03:36:50"
5858,"Uri android.net.Uri.parse (String)","@DSModeled(DSC.SPEC)","SPECTRE",0.99,"2013-08-21 03:36:50"
5859,"Uri android.net.Uri.fromFile (File)","@DSModeled(DSC.SPEC)","SPECTRE",0.99,"2013-08-21 03:36:50"
5860,"Uri android.net.Uri.fromParts (String, String, String)","@DSModeled(DSC.SPEC)","SPECTRE",0.99,"2013-08-21 03:36:50"
5861,"Set android.net.Uri.getQueryParameterNames ()","@DSModeled(DSC.SAFE)","PSYCHIC",0.9033063473,"2013-08-21 03:36:50"
5862,"List android.net.Uri.getQueryParameters (String)","@DSModeled(DSC.SAFE)","PSYCHIC",0.9032025912,"2013-08-21 03:36:50"
5863,"boolean android.net.Uri.getBooleanQueryParameter (String, boolean)","@DSModeled(DSC.SAFE)","PSYCHIC",0.90332323,"2013-08-21 03:36:50"
5864,"void android.net.Uri.writeToParcel (Parcel, Uri)","@DSModeled(DSC.SPEC)","SPECTRE",0.99,"2013-08-21 03:36:50"
5865,"String android.net.Uri.encode (String)","@DSModeled(DSC.SAFE)","FILE",1.0,"2013-08-21 03:36:50"
5866,"String android.net.Uri.encode (String, String)","@DSModeled(DSC.SAFE)","PSYCHIC",0.9033218042,"2013-08-21 03:36:50"
5867,"boolean android.net.Uri.isAllowed (char, String)","@DSModeled(DSC.BAN)","SPECTRE",0.99,"2013-08-21 03:36:50"
5868,"String android.net.Uri.decode (String)","@DSModeled(DSC.SAFE)","PSYCHIC",0.9032984098,"2013-08-21 03:36:50"
5869,"Uri android.net.Uri.withAppendedPath (Uri, String)","@DSModeled(DSC.SPEC)","SPECTRE",0.99,"2013-08-21 03:36:50"
5870,"void android.net.Uri$StringUri.<init> (String)","@DSModeled(DSC.BAN)","SPECTRE",0.99,"2013-08-21 03:36:50"
5871,"Uri android.net.Uri$StringUri.readFrom (Parcel)","@DSModeled(DSC.SPEC)","SPECTRE",0.99,"2013-08-21 03:36:51"
5872,"int android.net.Uri$StringUri.describeContents ()","@DSModeled(DSC.SAFE)","SPECTRE",0.99,"2013-08-21 03:36:51"
5873,"void android.net.Uri$StringUri.writeToParcel (Parcel, int)","@DSModeled(DSC.SAFE)","PSYCHIC",0.9033205651,"2013-08-21 03:36:51"
5874,"int android.net.Uri$StringUri.findSchemeSeparator ()","@DSModeled(DSC.BAN)","SPECTRE",0.99,"2013-08-21 03:36:51"
5875,"int android.net.Uri$StringUri.findFragmentSeparator ()","@DSModeled(DSC.BAN)","SPECTRE",0.99,"2013-08-21 03:36:51"
5876,"String android.net.Uri$StringUri.getScheme ()","@DSModeled(DSC.SAFE)","PSYCHIC",0.9032885609,"2013-08-21 03:36:51"
5877,"String android.net.Uri$StringUri.parseScheme ()","@DSModeled(DSC.BAN)","SPECTRE",0.99,"2013-08-21 03:36:52"
5878,"Part android.net.Uri$StringUri.getSsp ()","@DSModeled(DSC.BAN)","SPECTRE",0.99,"2013-08-21 03:36:52"
5879,"String android.net.Uri$StringUri.getEncodedSchemeSpecificPart ()","@DSModeled(DSC.SAFE)","PSYCHIC",0.9033027776,"2013-08-21 03:36:52"
5880,"String android.net.Uri$StringUri.getSchemeSpecificPart ()","@DSModeled(DSC.SAFE)","PSYCHIC",0.9033240234,"2013-08-21 03:36:52"
5881,"String android.net.Uri$StringUri.parseSsp ()","@DSModeled(DSC.BAN)","SPECTRE",0.99,"2013-08-21 03:36:52"
5882,"Part android.net.Uri$StringUri.getAuthorityPart ()","@DSModeled(DSC.BAN)","SPECTRE",0.99,"2013-08-21 03:36:52"
5883,"String android.net.Uri$StringUri.getEncodedAuthority ()","@DSModeled(DSC.SAFE)","PSYCHIC",0.9033138002,"2013-08-21 03:36:52"
5884,"String android.net.Uri$StringUri.getAuthority ()","@DSModeled(DSC.SAFE)","PSYCHIC",0.9033246178,"2013-08-21 03:36:52"
5885,"PathPart android.net.Uri$StringUri.getPathPart ()","@DSModeled(DSC.BAN)","SPECTRE",0.99,"2013-08-21 03:36:52"
5886,"String android.net.Uri$StringUri.getPath ()","@DSModeled(DSC.SAFE)","PSYCHIC",0.9032967128,"2013-08-21 03:36:52"
5887,"String android.net.Uri$StringUri.getEncodedPath ()","@DSModeled(DSC.SAFE)","PSYCHIC",0.9033077155,"2013-08-21 03:36:52"
5888,"String android.net.Uri$StringUri.parsePath ()","@DSModeled(DSC.BAN)","SPECTRE",0.99,"2013-08-21 03:36:52"
5889,"Part android.net.Uri$StringUri.getQueryPart ()","@DSModeled(DSC.BAN)","SPECTRE",0.99,"2013-08-21 03:36:52"
5890,"String android.net.Uri$StringUri.getEncodedQuery ()","@DSModeled(DSC.SAFE)","PSYCHIC",0.9033212372,"2013-08-21 03:36:52"
5891,"String android.net.Uri$StringUri.parseQuery ()","@DSModeled(DSC.BAN)","SPECTRE",0.99,"2013-08-21 03:36:52"
5892,"String android.net.Uri$StringUri.getQuery ()","@DSModeled(DSC.SAFE)","PSYCHIC",0.9033212372,"2013-08-21 03:36:52"
5893,"Part android.net.Uri$StringUri.getFragmentPart ()","@DSModeled(DSC.BAN)","SPECTRE",0.99,"2013-08-21 03:36:52"
5894,"String android.net.Uri$StringUri.getEncodedFragment ()","@DSModeled(DSC.SAFE)","PSYCHIC",0.9033192089,"2013-08-21 03:36:52"
5895,"String android.net.Uri$StringUri.parseFragment ()","@DSModeled(DSC.BAN)","SPECTRE",0.99,"2013-08-21 03:36:52"
5896,"String android.net.Uri$StringUri.getFragment ()","@DSModeled(DSC.SAFE)","PSYCHIC",0.9033087434,"2013-08-21 03:36:52"
5897,"String android.net.Uri$StringUri.toString ()","@DSModeled(DSC.SAFE)","SPECTRE",0.99,"2013-08-21 03:36:52"
5898,"String android.net.Uri$StringUri.parseAuthority (String, int)","@DSModeled(DSC.SAFE)","PSYCHIC",0.9032984098,"2013-08-21 03:36:52"
5899,"String android.net.Uri$StringUri.parsePath (String, int)","@DSModeled(DSC.SAFE)","PSYCHIC",0.9032984098,"2013-08-21 03:36:52"
5900,"void android.net.Uri$OpaqueUri.<init> (String, Part, Part)","@DSModeled(DSC.BAN)","SPECTRE",0.99,"2013-08-21 03:36:52"
5901,"Uri android.net.Uri$OpaqueUri.readFrom (Parcel)","@DSModeled(DSC.SPEC)","SPECTRE",0.99,"2013-08-21 03:36:53"
5902,"int android.net.Uri$OpaqueUri.describeContents ()","@DSModeled(DSC.SAFE)","SPECTRE",0.99,"2013-08-21 03:36:53"
5903,"boolean android.net.Uri$OpaqueUri.isHierarchical ()","@DSModeled(DSC.SAFE)","SPECTRE",0.99,"2013-08-21 03:36:53"
5904,"boolean android.net.Uri$OpaqueUri.isRelative ()","@DSModeled(DSC.SAFE)","SPECTRE",0.99,"2013-08-21 03:36:53"
5905,"String android.net.Uri$OpaqueUri.getScheme ()","@DSModeled(DSC.SAFE)","SPECTRE",0.99,"2013-08-21 03:36:53"
5906,"String android.net.Uri$OpaqueUri.getEncodedSchemeSpecificPart ()","@DSModeled(DSC.SAFE)","PSYCHIC",0.9033244967,"2013-08-21 03:36:53"
5907,"String android.net.Uri$OpaqueUri.getSchemeSpecificPart ()","@DSModeled(DSC.SAFE)","PSYCHIC",0.9033244179,"2013-08-21 03:36:53"
5908,"String android.net.Uri$OpaqueUri.getAuthority ()","@DSModeled(DSC.SAFE)","SPECTRE",0.99,"2013-08-21 03:36:53"
5909,"String android.net.Uri$OpaqueUri.getEncodedAuthority ()","@DSModeled(DSC.SAFE)","SPECTRE",0.99,"2013-08-21 03:36:53"
5910,"String android.net.Uri$OpaqueUri.getPath ()","@DSModeled(DSC.SAFE)","SPECTRE",0.99,"2013-08-21 03:36:53"
5911,"String android.net.Uri$OpaqueUri.getEncodedPath ()","@DSModeled(DSC.SAFE)","SPECTRE",0.99,"2013-08-21 03:36:53"
5912,"String android.net.Uri$OpaqueUri.getQuery ()","@DSModeled(DSC.SAFE)","SPECTRE",0.99,"2013-08-21 03:36:53"
5913,"String android.net.Uri$OpaqueUri.getEncodedQuery ()","@DSModeled(DSC.SAFE)","SPECTRE",0.99,"2013-08-21 03:36:53"
5914,"String android.net.Uri$OpaqueUri.getFragment ()","@DSModeled(DSC.SAFE)","PSYCHIC",0.9033245041,"2013-08-21 03:36:53"
5915,"String android.net.Uri$OpaqueUri.getEncodedFragment ()","@DSModeled(DSC.SAFE)","PSYCHIC",0.9033244939,"2013-08-21 03:36:53"
5916,"String android.net.Uri$OpaqueUri.getLastPathSegment ()","@DSModeled(DSC.SAFE)","SPECTRE",0.99,"2013-08-21 03:36:53"
5917,"String android.net.Uri$OpaqueUri.getUserInfo ()","@DSModeled(DSC.SAFE)","SPECTRE",0.99,"2013-08-21 03:36:53"
5918,"String android.net.Uri$OpaqueUri.getEncodedUserInfo ()","@DSModeled(DSC.SAFE)","SPECTRE",0.99,"2013-08-21 03:36:53"
5919,"String android.net.Uri$OpaqueUri.getHost ()","@DSModeled(DSC.SAFE)","SPECTRE",0.99,"2013-08-21 03:36:53"
5920,"int android.net.Uri$OpaqueUri.getPort ()","@DSModeled(DSC.SAFE)","SPECTRE",0.99,"2013-08-21 03:36:53"
5921,"String android.net.Uri$OpaqueUri.toString ()","@DSModeled(DSC.SAFE)","PSYCHIC",0.90332443,"2013-08-21 03:36:53"
5922,"Builder android.net.Uri$OpaqueUri.buildUpon ()","@DSModeled(DSC.SPEC)","MODELER",1.0,"2013-08-21 03:36:53"
5923,"void android.net.Uri$PathSegments.<init> (String[], int)","@DSModeled(DSC.SAFE)","FILE",1.0,"2013-08-21 03:36:53"
5924,"String android.net.Uri$PathSegments.get (int)","@DSModeled(DSC.SAFE)","PSYCHIC",0.9033246127,"2013-08-21 03:36:53"
5925,"int android.net.Uri$PathSegments.size ()","@DSModeled(DSC.SAFE)","SPECTRE",0.99,"2013-08-21 03:36:53"
5926,"void android.net.Uri$PathSegmentsBuilder.<init> ()","@DSModeled(DSC.SAFE)","FILE",1.0,"2013-08-21 03:36:53"
5927,"void android.net.Uri$PathSegmentsBuilder.add (String)","@DSModeled(DSC.SAFE)","PSYCHIC",0.9033205651,"2013-08-21 03:36:53"
5928,"void android.net.Uri$AbstractHierarchicalUri.<init> ()","@DSModeled(DSC.BAN)","SPECTRE",0.99,"2013-08-21 03:36:53"
5929,"String android.net.Uri$AbstractHierarchicalUri.getLastPathSegment ()","@DSModeled(DSC.SAFE)","PSYCHIC",0.9033245323,"2013-08-21 03:36:53"
5930,"Part android.net.Uri$AbstractHierarchicalUri.getUserInfoPart ()","@DSModeled(DSC.BAN)","SPECTRE",0.99,"2013-08-21 03:36:53"
5931,"String android.net.Uri$AbstractHierarchicalUri.getEncodedUserInfo ()","@DSModeled(DSC.SAFE)","PSYCHIC",0.9033246174,"2013-08-21 03:36:53"
5932,"String android.net.Uri$AbstractHierarchicalUri.parseUserInfo ()","@DSModeled(DSC.BAN)","SPECTRE",0.99,"2013-08-21 03:36:53"
5933,"String android.net.Uri$AbstractHierarchicalUri.getUserInfo ()","@DSModeled(DSC.SAFE)","PSYCHIC",0.9033233555,"2013-08-21 03:36:53"
5934,"String android.net.Uri$AbstractHierarchicalUri.getHost ()","@DSModeled(DSC.SAFE)","PSYCHIC",0.9033246109,"2013-08-21 03:36:53"
5935,"String android.net.Uri$AbstractHierarchicalUri.parseHost ()","@DSModeled(DSC.BAN)","SPECTRE",0.99,"2013-08-21 03:36:53"
5936,"int android.net.Uri$AbstractHierarchicalUri.getPort ()","@DSModeled(DSC.SAFE)","PSYCHIC",0.9027859314,"2013-08-21 03:36:53"
5937,"int android.net.Uri$AbstractHierarchicalUri.parsePort ()","@DSModeled(DSC.BAN)","SPECTRE",0.99,"2013-08-21 03:36:53"
5938,"void android.net.Uri$HierarchicalUri.<init> (String, Part, PathPart, Part, Part)","@DSModeled(DSC.BAN)","SPECTRE",0.99,"2013-08-21 03:36:53"
5939,"Uri android.net.Uri$HierarchicalUri.readFrom (Parcel)","@DSModeled(DSC.SPEC)","SPECTRE",0.99,"2013-08-21 03:36:53"
5940,"int android.net.Uri$HierarchicalUri.describeContents ()","@DSModeled(DSC.SAFE)","SPECTRE",0.99,"2013-08-21 03:36:54"
5941,"boolean android.net.Uri$HierarchicalUri.isHierarchical ()","@DSModeled(DSC.SAFE)","SPECTRE",0.99,"2013-08-21 03:36:54"
5942,"boolean android.net.Uri$HierarchicalUri.isRelative ()","@DSModeled(DSC.SAFE)","SPECTRE",0.99,"2013-08-21 03:36:54"
5943,"String android.net.Uri$HierarchicalUri.getScheme ()","@DSModeled(DSC.SAFE)","SPECTRE",0.99,"2013-08-21 03:36:54"
5944,"Part android.net.Uri$HierarchicalUri.getSsp ()","@DSModeled(DSC.BAN)","SPECTRE",0.99,"2013-08-21 03:36:54"
5945,"String android.net.Uri$HierarchicalUri.getEncodedSchemeSpecificPart ()","@DSModeled(DSC.SAFE)","PSYCHIC",0.9033239354,"2013-08-21 03:36:54"
5946,"String android.net.Uri$HierarchicalUri.getSchemeSpecificPart ()","@DSModeled(DSC.SAFE)","PSYCHIC",0.9033234912,"2013-08-21 03:36:54"
5947,"String android.net.Uri$HierarchicalUri.makeSchemeSpecificPart ()","@DSModeled(DSC.BAN)","SPECTRE",0.99,"2013-08-21 03:36:54"
5948,"void android.net.Uri$HierarchicalUri.appendSspTo (StringBuilder)","@DSModeled(DSC.BAN)","SPECTRE",0.99,"2013-08-21 03:36:54"
5949,"String android.net.Uri$HierarchicalUri.getEncodedAuthority ()","@DSModeled(DSC.SAFE)","PSYCHIC",0.9033242798,"2013-08-21 03:36:54"
5950,"String android.net.Uri$HierarchicalUri.getEncodedPath ()","@DSModeled(DSC.SAFE)","PSYCHIC",0.9033240897,"2013-08-21 03:36:54"
5951,"String android.net.Uri$HierarchicalUri.getPath ()","@DSModeled(DSC.SAFE)","PSYCHIC",0.9033237459,"2013-08-21 03:36:54"
5952,"String android.net.Uri$HierarchicalUri.getQuery ()","@DSModeled(DSC.SAFE)","PSYCHIC",0.9033245122,"2013-08-21 03:36:54"
5953,"String android.net.Uri$HierarchicalUri.getEncodedQuery ()","@DSModeled(DSC.SAFE)","PSYCHIC",0.9033245122,"2013-08-21 03:36:54"
5954,"String android.net.Uri$HierarchicalUri.getFragment ()","@DSModeled(DSC.SAFE)","PSYCHIC",0.9033241957,"2013-08-21 03:36:54"
5955,"String android.net.Uri$HierarchicalUri.getEncodedFragment ()","@DSModeled(DSC.SAFE)","PSYCHIC",0.9033244488,"2013-08-21 03:36:54"
5956,"String android.net.Uri$HierarchicalUri.toString ()","@DSModeled(DSC.SAFE)","PSYCHIC",0.9033239209,"2013-08-21 03:36:54"
5957,"String android.net.Uri$HierarchicalUri.makeUriString ()","@DSModeled(DSC.BAN)","SPECTRE",0.99,"2013-08-21 03:36:54"
5958,"Builder android.net.Uri$HierarchicalUri.buildUpon ()","@DSModeled(DSC.SPEC)","MODELER",1.0,"2013-08-21 03:36:54"
5959,"void android.net.Uri$Builder.<init> ()","@DSModeled(DSC.SAFE)","FILE",1.0,"2013-08-21 03:36:54"
5960,"Builder android.net.Uri$Builder.scheme (String)","@DSModeled(DSC.SAFE)","SPECTRE",0.99,"2013-08-21 03:36:54"
5961,"Builder android.net.Uri$Builder.opaquePart (Part)","@DSModeled(DSC.SAFE)","SPECTRE",0.99,"2013-08-21 03:36:54"
5962,"Builder android.net.Uri$Builder.authority (Part)","@DSModeled(DSC.SAFE)","SPECTRE",0.99,"2013-08-21 03:36:54"
5963,"Builder android.net.Uri$Builder.path (PathPart)","@DSModeled(DSC.SAFE)","SPECTRE",0.99,"2013-08-21 03:36:54"
5964,"Builder android.net.Uri$Builder.appendPath (String)","@DSModeled(DSC.SPEC)","MODELER",1.0,"2013-08-21 03:36:54"
5965,"Builder android.net.Uri$Builder.appendEncodedPath (String)","@DSModeled(DSC.SPEC)","MODELER",1.0,"2013-08-21 03:36:54"
5966,"Builder android.net.Uri$Builder.query (Part)","@DSModeled(DSC.SAFE)","SPECTRE",0.99,"2013-08-21 03:36:54"
5967,"Builder android.net.Uri$Builder.fragment (Part)","@DSModeled(DSC.SAFE)","SPECTRE",0.99,"2013-08-21 03:36:54"
5968,"Builder android.net.Uri$Builder.appendQueryParameter (String, String)","@DSModeled(DSC.SPEC)","MODELER",1.0,"2013-08-21 03:36:54"
5969,"Uri android.net.Uri$Builder.build ()","@DSModeled(DSC.SPEC)","SPECTRE",0.99,"2013-08-21 03:36:54"
5970,"boolean android.net.Uri$Builder.hasSchemeOrAuthority ()","@DSModeled(DSC.BAN)","SPECTRE",0.99,"2013-08-21 03:36:54"
5971,"void android.net.Uri$AbstractPart.<init> (String, String)","@DSModeled(DSC.SAFE)","FILE",1.0,"2013-08-21 03:36:54"
5972,"String android.net.Uri$AbstractPart.getEncoded ()","@DSModeled(DSC.SAFE)","PSYCHIC",0.9033245532,"2013-08-21 03:36:55"
5973,"String android.net.Uri$AbstractPart.getDecoded ()","@DSModeled(DSC.SAFE)","PSYCHIC",0.9033245994,"2013-08-21 03:36:55"
5974,"void android.net.Uri$Part.<init> (String, String)","@DSModeled(DSC.BAN)","SPECTRE",0.99,"2013-08-21 03:36:55"
5975,"boolean android.net.Uri$Part.isEmpty ()","@DSModeled(DSC.SAFE)","SPECTRE",0.99,"2013-08-21 03:36:55"
5976,"String android.net.Uri$Part.getEncoded ()","@DSModeled(DSC.SAFE)","PSYCHIC",0.9033246019,"2013-08-21 03:36:55"
5977,"Part android.net.Uri$Part.readFrom (Parcel)","@DSModeled(DSC.SAFE)","PSYCHIC",0.9033246178,"2013-08-21 03:36:55"
5978,"Part android.net.Uri$Part.nonNull (Part)","@DSModeled(DSC.SAFE)","SPECTRE",0.99,"2013-08-21 03:36:55"
5979,"Part android.net.Uri$Part.fromEncoded (String)","@DSModeled(DSC.SAFE)","PSYCHIC",0.9033246178,"2013-08-21 03:36:55"
5980,"Part android.net.Uri$Part.fromDecoded (String)","@DSModeled(DSC.SAFE)","PSYCHIC",0.9033246178,"2013-08-21 03:36:55"
5981,"Part android.net.Uri$Part.from (String, String)","@DSModeled(DSC.SAFE)","PSYCHIC",0.9033246178,"2013-08-21 03:36:55"
5982,"void android.net.Uri$Part$EmptyPart.<init> (String)","@DSModeled(DSC.SAFE)","FILE",1.0,"2013-08-21 03:36:55"
5983,"boolean android.net.Uri$Part$EmptyPart.isEmpty ()","@DSModeled(DSC.SAFE)","SPECTRE",0.99,"2013-08-21 03:36:55"
5984,"void android.net.Uri$PathPart.<init> (String, String)","@DSModeled(DSC.BAN)","SPECTRE",0.99,"2013-08-21 03:36:55"
5985,"String android.net.Uri$PathPart.getEncoded ()","@DSModeled(DSC.SAFE)","PSYCHIC",0.9033246122,"2013-08-21 03:36:55"
5986,"PathSegments android.net.Uri$PathPart.getPathSegments ()","@DSModeled(DSC.SAFE)","PSYCHIC",0.9032691438,"2013-08-21 03:36:55"
5987,"PathPart android.net.Uri$PathPart.appendEncodedSegment (PathPart, String)","@DSModeled(DSC.SAFE)","PSYCHIC",0.9032691438,"2013-08-21 03:36:55"
5988,"PathPart android.net.Uri$PathPart.appendDecodedSegment (PathPart, String)","@DSModeled(DSC.SAFE)","PSYCHIC",0.9032691438,"2013-08-21 03:36:55"
5989,"PathPart android.net.Uri$PathPart.readFrom (Parcel)","@DSModeled(DSC.SAFE)","PSYCHIC",0.9032691438,"2013-08-21 03:36:55"
5990,"PathPart android.net.Uri$PathPart.fromEncoded (String)","@DSModeled(DSC.SAFE)","PSYCHIC",0.9032691438,"2013-08-21 03:36:55"
5991,"PathPart android.net.Uri$PathPart.fromDecoded (String)","@DSModeled(DSC.SAFE)","PSYCHIC",0.9032691438,"2013-08-21 03:36:55"
5992,"PathPart android.net.Uri$PathPart.from (String, String)","@DSModeled(DSC.SAFE)","PSYCHIC",0.9032691438,"2013-08-21 03:36:55"
5993,"PathPart android.net.Uri$PathPart.makeAbsolute (PathPart)","@DSModeled(DSC.SAFE)","PSYCHIC",0.9032691438,"2013-08-21 03:36:55"
5994,"Uri android.net.Uri$1.createFromParcel (Parcel)","@DSModeled(DSC.SPEC)","SPECTRE",0.99,"2013-08-21 03:36:55"
5995,"Uri[] android.net.Uri$1.newArray (int)","@DSModeled(DSC.SAFE)","SPECTRE",0.99,"2013-08-21 03:36:55"
5996,"void android.net.Uri.<init> (String)","@DSModeled(DSC.SAFE)","FILE",1.0,"2013-08-21 03:36:55"
5997,"int android.net.Uri.describeContents ()","@DSModeled(DSC.SPEC)","FILE",1.0,"2013-08-21 03:36:55"
5998,"void android.net.Uri.writeToParcel (Parcel, int)","@DSModeled(DSC.SPEC)","FILE",1.0,"2013-08-21 03:36:55"
5999,"int android.net.Uri.compareTo (Uri)","@DSModeled(DSC.SPEC)","SPECTRE",0.99,"2013-08-21 03:36:55"
6000,"TriState android.text.TextDirectionHeuristics.isRtlText (int)","@DSModeled(DSC.BAN)","SPECTRE",0.99,"2013-08-21 03:36:55"
6001,"TriState android.text.TextDirectionHeuristics.isRtlTextOrFormat (int)","@DSModeled(DSC.BAN)","SPECTRE",0.99,"2013-08-21 03:36:55"
6002,"void android.text.TextDirectionHeuristics$TextDirectionHeuristicImpl.<init> (TextDirectionAlgorithm)","@DSModeled(DSC.BAN)","SPECTRE",0.99,"2013-08-21 03:36:55"
6003,"boolean android.text.TextDirectionHeuristics$TextDirectionHeuristicImpl.defaultIsRtl ()","@DSModeled(DSC.SAFE)","PSYCHIC",0.903314609,"2013-08-21 03:36:56"
6004,"boolean android.text.TextDirectionHeuristics$TextDirectionHeuristicImpl.isRtl (char[], int, int)","@DSModeled(DSC.BAN)","SPECTRE",0.99,"2013-08-21 03:36:56"
6005,"boolean android.text.TextDirectionHeuristics$TextDirectionHeuristicImpl.doCheck (char[], int, int)","@DSModeled(DSC.BAN)","SPECTRE",0.99,"2013-08-21 03:36:56"
6006,"void android.text.TextDirectionHeuristics$TextDirectionHeuristicInternal.<init> (TextDirectionAlgorithm, boolean)","@DSModeled(DSC.BAN)","SPECTRE",0.99,"2013-08-21 03:36:56"
6007,"boolean android.text.TextDirectionHeuristics$TextDirectionHeuristicInternal.defaultIsRtl ()","@DSModeled(DSC.BAN)","SPECTRE",0.99,"2013-08-21 03:36:56"
6008,"void android.text.TextDirectionHeuristics$FirstStrong.<init> ()","@DSModeled(DSC.BAN)","SPECTRE",0.99,"2013-08-21 03:36:56"
6009,"TriState android.text.TextDirectionHeuristics$FirstStrong.checkRtl (char[], int, int)","@DSModeled(DSC.SAFE)","MODELER",1.0,"2013-08-21 03:36:56"
6010,"void android.text.TextDirectionHeuristics$AnyStrong.<init> (boolean)","@DSModeled(DSC.BAN)","SPECTRE",0.99,"2013-08-21 03:36:56"
6011,"TriState android.text.TextDirectionHeuristics$AnyStrong.checkRtl (char[], int, int)","@DSModeled(DSC.SAFE)","MODELER",1.0,"2013-08-21 03:36:56"
6012,"void android.text.TextDirectionHeuristics$TextDirectionHeuristicLocale.<init> ()","@DSModeled(DSC.SAFE)","FILE",1.0,"2013-08-21 03:36:56"
6013,"boolean android.text.TextDirectionHeuristics$TextDirectionHeuristicLocale.defaultIsRtl ()","@DSModeled(DSC.BAN)","MODELER",1.0,"2013-08-21 03:36:56"
6014,"CharSequence com.android.internal.view.InputConnectionWrapper.getTextAfterCursor (int, int)","@DSModeled(DSC.SAFE)","PSYCHIC",0.9033173561,"2013-08-21 03:36:56"
6015,"CharSequence com.android.internal.view.InputConnectionWrapper.getTextBeforeCursor (int, int)","@DSModeled(DSC.SAFE)","PSYCHIC",0.9033109721,"2013-08-21 03:36:56"
6016,"CharSequence com.android.internal.view.InputConnectionWrapper.getSelectedText (int)","@DSModeled(DSC.SAFE)","PSYCHIC",0.9033246177,"2013-08-21 03:36:56"
6017,"int com.android.internal.view.InputConnectionWrapper.getCursorCapsMode (int)","@DSModeled(DSC.SAFE)","PSYCHIC",0.903301218,"2013-08-21 03:36:56"
6018,"ExtractedText com.android.internal.view.InputConnectionWrapper.getExtractedText (ExtractedTextRequest, int)","@DSModeled(DSC.SAFE)","PSYCHIC",0.9012945336,"2013-08-21 03:36:56"
6019,"boolean com.android.internal.view.InputConnectionWrapper.commitCompletion (CompletionInfo)","@DSModeled(DSC.SAFE)","PSYCHIC",0.9032875756,"2013-08-21 03:36:56"
6020,"boolean com.android.internal.view.InputConnectionWrapper.setSelection (int, int)","@DSModeled(DSC.SAFE)","PSYCHIC",0.9029823782,"2013-08-21 03:36:56"
6021,"boolean com.android.internal.view.InputConnectionWrapper.performContextMenuAction (int)","@DSModeled(DSC.SAFE)","PSYCHIC",0.9026918786,"2013-08-21 03:36:56"
6022,"boolean com.android.internal.view.InputConnectionWrapper.setComposingRegion (int, int)","@DSModeled(DSC.SAFE)","PSYCHIC",0.9033025693,"2013-08-21 03:36:56"
6023,"boolean com.android.internal.view.InputConnectionWrapper.setComposingText (CharSequence, int)","@DSModeled(DSC.SAFE)","PSYCHIC",0.9026062261,"2013-08-21 03:36:56"
6024,"boolean com.android.internal.view.InputConnectionWrapper.finishComposingText ()","@DSModeled(DSC.SAFE)","PSYCHIC",0.9027177768,"2013-08-21 03:36:56"
6025,"boolean com.android.internal.view.InputConnectionWrapper.endBatchEdit ()","@DSModeled(DSC.SAFE)","PSYCHIC",0.9014790841,"2013-08-21 03:36:56"
6026,"boolean com.android.internal.view.InputConnectionWrapper.sendKeyEvent (KeyEvent)","@DSModeled(DSC.SAFE)","PSYCHIC",0.9031979459,"2013-08-21 03:36:56"
6027,"boolean com.android.internal.view.InputConnectionWrapper.deleteSurroundingText (int, int)","@DSModeled(DSC.SAFE)","PSYCHIC",0.902754104,"2013-08-21 03:36:56"
6028,"void com.android.internal.view.InputConnectionWrapper$InputContextCallback.<init> ()","@DSModeled(DSC.BAN)","FILE",1.0,"2013-08-21 03:36:57"
6029,"InputContextCallback com.android.internal.view.InputConnectionWrapper$InputContextCallback.getInstance ()","@DSModeled(DSC.BAN)","SPECTRE",0.99,"2013-08-21 03:36:57"
6030,"void com.android.internal.view.InputConnectionWrapper$InputContextCallback.dispose ()","@DSModeled(DSC.BAN)","SPECTRE",0.99,"2013-08-21 03:36:57"
6031,"void com.android.internal.view.InputConnectionWrapper$InputContextCallback.setTextBeforeCursor (CharSequence, int)","@DSModeled(DSC.SAFE)","MODELER",1.0,"2013-08-21 03:36:57"
6032,"void com.android.internal.view.InputConnectionWrapper$InputContextCallback.setTextAfterCursor (CharSequence, int)","@DSModeled(DSC.SAFE)","MODELER",1.0,"2013-08-21 03:36:57"
6033,"void com.android.internal.view.InputConnectionWrapper$InputContextCallback.setSelectedText (CharSequence, int)","@DSModeled(DSC.SAFE)","MODELER",1.0,"2013-08-21 03:36:57"
6034,"void com.android.internal.view.InputConnectionWrapper$InputContextCallback.setCursorCapsMode (int, int)","@DSModeled(DSC.SAFE)","MODELER",1.0,"2013-08-21 03:36:57"
6035,"void com.android.internal.view.InputConnectionWrapper$InputContextCallback.setExtractedText (ExtractedText, int)","@DSModeled(DSC.SAFE)","MODELER",1.0,"2013-08-21 03:36:57"
6036,"void com.android.internal.view.InputConnectionWrapper$InputContextCallback.waitForResultLocked ()","@DSModeled(DSC.SPEC)","FILE",1.0,"2013-08-21 03:36:57"
6037,"void dalvik.system.DexPathList.<init> (ClassLoader, String, String, File)","@DSModeled(DSC.BAN)","SPECTRE",0.99,"2013-08-21 03:36:57"
6038,"ArrayList dalvik.system.DexPathList.splitDexPath (String)","@DSModeled(DSC.BAN)","SPECTRE",0.99,"2013-08-21 03:36:57"
6039,"File[] dalvik.system.DexPathList.splitLibraryPath (String)","@DSModeled(DSC.BAN)","SPECTRE",0.99,"2013-08-21 03:36:57"
6040,"ArrayList dalvik.system.DexPathList.splitPaths (String, String, boolean)","@DSModeled(DSC.BAN)","SPECTRE",0.99,"2013-08-21 03:36:57"
6041,"void dalvik.system.DexPathList.splitAndAdd (String, boolean, ArrayList)","@DSModeled(DSC.BAN)","SPECTRE",0.99,"2013-08-21 03:36:57"
6042,"Element[] dalvik.system.DexPathList.makeDexElements (ArrayList, File)","@DSModeled(DSC.BAN)","FILE",1.0,"2013-08-21 03:36:57"
6043,"DexFile dalvik.system.DexPathList.loadDexFile (File, File)","@DSModeled(DSC.BAN)","SPECTRE",0.99,"2013-08-21 03:36:57"
6044,"String dalvik.system.DexPathList.optimizedPathFor (File, File)","@DSModeled(DSC.BAN)","SPECTRE",0.99,"2013-08-21 03:36:57"
6045,"Class dalvik.system.DexPathList.findClass (String)","@DSModeled(DSC.BAN)","SPECTRE",0.99,"2013-08-21 03:36:57"
6046,"URL dalvik.system.DexPathList.findResource (String)","@DSModeled(DSC.BAN)","SPECTRE",0.99,"2013-08-21 03:36:57"
6047,"Enumeration dalvik.system.DexPathList.findResources (String)","@DSModeled(DSC.BAN)","SPECTRE",0.99,"2013-08-21 03:36:57"
6048,"String dalvik.system.DexPathList.findLibrary (String)","@DSModeled(DSC.BAN)","SPECTRE",0.99,"2013-08-21 03:36:58"
6049,"void dalvik.system.DexPathList$Element.<init> (File, ZipFile, DexFile)","@DSModeled(DSC.BAN)","SPECTRE",0.99,"2013-08-21 03:36:58"
6050,"URL dalvik.system.DexPathList$Element.findResource (String)","@DSModeled(DSC.BAN)","SPECTRE",0.99,"2013-08-21 03:36:58"
6417,"void java.util.jar.JarFile.<init> (File)","@DSModeled(DSC.SAFE)","MODELER",0.991,"2013-08-21 03:37:11"
6418,"void java.util.jar.JarFile.<init> (File, boolean)","@DSModeled(DSC.SAFE)","MODELER",0.991,"2013-08-21 03:37:11"
6419,"void java.util.jar.JarFile.<init> (File, boolean, int)","@DSModeled(DSC.SAFE)","MODELER",0.991,"2013-08-21 03:37:11"
6420,"void java.util.jar.JarFile.<init> (String)","@DSModeled(DSC.SAFE)","MODELER",0.991,"2013-08-21 03:37:11"
6421,"void java.util.jar.JarFile.<init> (String, boolean)","@DSModeled(DSC.SAFE)","MODELER",0.991,"2013-08-21 03:37:11"
6422,"Enumeration java.util.jar.JarFile.entries ()","@DSModeled(DSC.SAFE)","MODELER",0.991,"2013-08-21 03:37:11"
6423,"JarEntry java.util.jar.JarFile.getJarEntry (String)","@DSModeled(DSC.SAFE)","MODELER",0.991,"2013-08-21 03:37:12"
6424,"Manifest java.util.jar.JarFile.getManifest ()","@DSModeled(DSC.SAFE)","MODELER",0.991,"2013-08-21 03:37:12"
6425,"void java.util.jar.JarFile.readMetaEntries ()","@DSModeled(DSC.SAFE)","MODELER",0.991,"2013-08-21 03:37:12"
6426,"boolean java.util.jar.JarFile.endsWithIgnoreCase (String, String)","@DSModeled(DSC.SAFE)","MODELER",0.991,"2013-08-21 03:37:12"
6427,"InputStream java.util.jar.JarFile.getInputStream (ZipEntry)","@DSModeled(DSC.SAFE)","MODELER",0.991,"2013-08-21 03:37:12"
6428,"ZipEntry java.util.jar.JarFile.getEntry (String)","@DSModeled(DSC.SAFE)","MODELER",0.991,"2013-08-21 03:37:12"
6429,"ZipEntry[] java.util.jar.JarFile.getMetaEntriesImpl ()","@DSModeled(DSC.SAFE)","MODELER",0.991,"2013-08-21 03:37:12"
6430,"void java.util.jar.JarFile.close ()","@DSModeled(DSC.SAFE)","MODELER",0.991,"2013-08-21 03:37:12"
6431,"void java.util.jar.JarFile$JarFileInputStream.<init> (InputStream, ZipEntry, VerifierEntry)","@DSModeled(DSC.SAFE)","MODELER",0.991,"2013-08-21 03:37:12"
6432,"int java.util.jar.JarFile$JarFileInputStream.read ()","@DSModeled(DSC.SAFE)","MODELER",0.991,"2013-08-21 03:37:12"
6433,"int java.util.jar.JarFile$JarFileInputStream.read (byte[], int, int)","@DSModeled(DSC.SAFE)","MODELER",0.991,"2013-08-21 03:37:12"
6434,"int java.util.jar.JarFile$JarFileInputStream.available ()","@DSModeled(DSC.SAFE)","MODELER",0.991,"2013-08-21 03:37:12"
6435,"long java.util.jar.JarFile$JarFileInputStream.skip (long)","@DSModeled(DSC.SAFE)","MODELER",0.991,"2013-08-21 03:37:12"
6436,"int libcore.icu.NativeConverter.decode (long, byte[], int, char[], int, int[], boolean)","@DSModeled(DSC.SAFE)","FILE",1.0,"2013-08-21 03:37:12"
6437,"int libcore.icu.NativeConverter.encode (long, char[], int, byte[], int, int[], boolean)","@DSModeled(DSC.SAFE)","FILE",1.0,"2013-08-21 03:37:12"
6438,"long libcore.icu.NativeConverter.openConverter (String)","@DSModeled(DSC.SAFE)","PSYCHIC",0.9031336606,"2013-08-21 03:37:12"
6439,"void libcore.icu.NativeConverter.closeConverter (long)","@DSModeled(DSC.SAFE)","PSYCHIC",0.9018110126,"2013-08-21 03:37:12"
6440,"void libcore.icu.NativeConverter.resetByteToChar (long)","@DSModeled(DSC.SAFE)","FILE",1.0,"2013-08-21 03:37:12"
6441,"void libcore.icu.NativeConverter.resetCharToByte (long)","@DSModeled(DSC.SAFE)","PSYCHIC",0.9024094485,"2013-08-21 03:37:12"
6442,"byte[] libcore.icu.NativeConverter.getSubstitutionBytes (long)","@DSModeled(DSC.SAFE)","FILE",1.0,"2013-08-21 03:37:12"
6443,"int libcore.icu.NativeConverter.getMaxBytesPerChar (long)","@DSModeled(DSC.SAFE)","FILE",1.0,"2013-08-21 03:37:12"
6444,"int libcore.icu.NativeConverter.getMinBytesPerChar (long)","@DSModeled(DSC.SAFE)","PSYCHIC",0.9032465156,"2013-08-21 03:37:12"
6445,"float libcore.icu.NativeConverter.getAveBytesPerChar (long)","@DSModeled(DSC.SAFE)","PSYCHIC",0.9033246178,"2013-08-21 03:37:12"
6446,"float libcore.icu.NativeConverter.getAveCharsPerByte (long)","@DSModeled(DSC.SAFE)","PSYCHIC",0.9029863108,"2013-08-21 03:37:12"
6447,"boolean libcore.icu.NativeConverter.contains (String, String)","@DSModeled(DSC.SAFE)","FILE",1.0,"2013-08-21 03:37:12"
6448,"boolean libcore.icu.NativeConverter.canEncode (long, int)","@DSModeled(DSC.SAFE)","PSYCHIC",0.9011939055,"2013-08-21 03:37:12"
6449,"String[] libcore.icu.NativeConverter.getAvailableCharsetNames ()","@DSModeled(DSC.SAFE)","FILE",1.0,"2013-08-21 03:37:12"
6450,"CoderResult libcore.icu.NativeConverter$1$1.encodeLoop (CharBuffer, ByteBuffer)","@DSModeled(DSC.SAFE)","MODELER",1.0,"2013-08-21 03:37:12"
6451,"CharsetEncoder libcore.icu.NativeConverter$1.newEncoder ()","@DSModeled(DSC.SAFE)","MODELER",1.0,"2013-08-21 03:37:12"
6452,"CoderResult libcore.icu.NativeConverter$1$2.decodeLoop (ByteBuffer, CharBuffer)","@DSModeled(DSC.SAFE)","MODELER",1.0,"2013-08-21 03:37:12"
6453,"CharsetDecoder libcore.icu.NativeConverter$1.newDecoder ()","@DSModeled(DSC.SAFE)","MODELER",1.0,"2013-08-21 03:37:12"
6454,"Charset libcore.icu.NativeConverter.charsetForName (String)","@DSModeled(DSC.SAFE)","PSYCHIC",0.9033246118,"2013-08-21 03:37:12"
6455,"int libcore.icu.NativeConverter.translateCodingErrorAction (CodingErrorAction)","@DSModeled(DSC.BAN)","SPECTRE",0.99,"2013-08-21 03:37:12"
6456,"int libcore.icu.NativeConverter.setCallbackDecode (long, CharsetDecoder)","@DSModeled(DSC.SAFE)","PSYCHIC",0.903051367,"2013-08-21 03:37:12"
6457,"int libcore.icu.NativeConverter.setCallbackDecode (long, int, int, String)","@DSModeled(DSC.SAFE)","PSYCHIC",0.9029902373,"2013-08-21 03:37:12"
6458,"int libcore.icu.NativeConverter.setCallbackEncode (long, CharsetEncoder)","@DSModeled(DSC.SAFE)","FILE",1.0,"2013-08-21 03:37:12"
6459,"int libcore.icu.NativeConverter.setCallbackEncode (long, int, int, byte[])","@DSModeled(DSC.SAFE)","PSYCHIC",0.9029902373,"2013-08-21 03:37:13"
6460,"void libcore.net.http.HttpConnectionPool.<init> ()","@DSModeled(DSC.BAN)","SPECTRE",0.99,"2013-08-21 03:37:13"
6461,"HttpConnection libcore.net.http.HttpConnectionPool.get (Address, int)","@DSModeled(DSC.SAFE)","MODELER",1.0,"2013-08-21 03:37:13"
6462,"void libcore.net.http.HttpConnectionPool.recycle (HttpConnection)","@DSModeled(DSC.SAFE)","MODELER",1.0,"2013-08-21 03:37:13"
6463,"void org.apache.harmony.security.fortress.Engine.<init> (String)","@DSModeled(DSC.SAFE)","MODELER",1.0,"2013-08-21 03:37:13"
6464,"SpiAndProvider org.apache.harmony.security.fortress.Engine.getInstance (String, Object)","@DSModeled(DSC.SAFE)","MODELER",1.0,"2013-08-21 03:37:13"
6465,"Object org.apache.harmony.security.fortress.Engine.getInstance (String, Provider, Object)","@DSModeled(DSC.SPEC)","MODELER",1.0,"2013-08-21 03:37:13"
6466,"NoSuchAlgorithmException org.apache.harmony.security.fortress.Engine.notFound (String, String)","@DSModeled(DSC.BAN)","SPECTRE",0.99,"2013-08-21 03:37:13"
6467,"void org.apache.harmony.security.fortress.Engine$ServiceCacheEntry.<init> (String, int, Service)","@DSModeled(DSC.BAN)","SPECTRE",0.99,"2013-08-21 03:37:13"
6468,"void org.apache.harmony.security.fortress.Engine$SpiAndProvider.<init> (Object, Provider)","@DSModeled(DSC.BAN)","SPECTRE",0.99,"2013-08-21 03:37:13"
6469,"void org.apache.harmony.security.x509.Extension.<init> (String, boolean, ExtensionValue)","@DSModeled(DSC.SAFE)","PSYCHIC",0.9032342117,"2013-08-21 03:37:13"
6470,"void org.apache.harmony.security.x509.Extension.<init> (String, boolean, byte[])","@DSModeled(DSC.SAFE)","PSYCHIC",0.9032342117,"2013-08-21 03:37:13"
6471,"void org.apache.harmony.security.x509.Extension.<init> (int[], boolean, byte[])","@DSModeled(DSC.SAFE)","PSYCHIC",0.9032342117,"2013-08-21 03:37:13"
6472,"void org.apache.harmony.security.x509.Extension.<init> (String, byte[])","@DSModeled(DSC.SAFE)","PSYCHIC",0.9032342117,"2013-08-21 03:37:13"
6473,"void org.apache.harmony.security.x509.Extension.<init> (int[], byte[])","@DSModeled(DSC.SAFE)","PSYCHIC",0.9020165423,"2013-08-21 03:37:13"
6474,"void org.apache.harmony.security.x509.Extension.<init> (int[], boolean, byte[], byte[], byte[], ExtensionValue)","@DSModeled(DSC.BAN)","SPECTRE",0.99,"2013-08-21 03:37:13"
6475,"String org.apache.harmony.security.x509.Extension.getExtnID ()","@DSModeled(DSC.SAFE)","PSYCHIC",0.9033246145,"2013-08-21 03:37:14"
6476,"boolean org.apache.harmony.security.x509.Extension.getCritical ()","@DSModeled(DSC.SAFE)","SPECTRE",0.99,"2013-08-21 03:37:14"
6477,"byte[] org.apache.harmony.security.x509.Extension.getExtnValue ()","@DSModeled(DSC.SAFE)","SPECTRE",0.99,"2013-08-21 03:37:14"
6478,"byte[] org.apache.harmony.security.x509.Extension.getRawExtnValue ()","@DSModeled(DSC.SAFE)","PSYCHIC",0.9033243758,"2013-08-21 03:37:14"
6479,"byte[] org.apache.harmony.security.x509.Extension.getEncoded ()","@DSModeled(DSC.SAFE)","PSYCHIC",0.9027976089,"2013-08-21 03:37:14"
6480,"boolean org.apache.harmony.security.x509.Extension.equals (Object)","@DSModeled(DSC.SAFE)","PSYCHIC",0.9028851144,"2013-08-21 03:37:14"
6481,"int org.apache.harmony.security.x509.Extension.hashCode ()","@DSModeled(DSC.SAFE)","PSYCHIC",0.9032309194,"2013-08-21 03:37:14"
6482,"ExtensionValue org.apache.harmony.security.x509.Extension.getDecodedExtensionValue ()","@DSModeled(DSC.SAFE)","PSYCHIC",0.9033245654,"2013-08-21 03:37:14"
6483,"KeyUsage org.apache.harmony.security.x509.Extension.getKeyUsageValue ()","@DSModeled(DSC.SAFE)","FILE",1.0,"2013-08-21 03:37:14"
6484,"BasicConstraints org.apache.harmony.security.x509.Extension.getBasicConstraintsValue ()","@DSModeled(DSC.SAFE)","PSYCHIC",0.9033246178,"2013-08-21 03:37:14"
6485,"void org.apache.harmony.security.x509.Extension.decodeExtensionValue ()","@DSModeled(DSC.BAN)","SPECTRE",0.99,"2013-08-21 03:37:14"
6486,"void org.apache.harmony.security.x509.Extension.dumpValue (StringBuilder, String)","@DSModeled(DSC.SAFE)","PSYCHIC",0.901934576,"2013-08-21 03:37:14"
6487,"Object org.apache.harmony.security.x509.Extension$1$1.getDecodedObject (BerInputStream)","@DSModeled(DSC.SAFE)","FILE",1.0,"2013-08-21 03:37:14"
6488,"Object org.apache.harmony.security.x509.Extension$1.getDecodedObject (BerInputStream)","@DSModeled(DSC.BAN)","MODELER",1.0,"2013-08-21 03:37:14"
6489,"void org.apache.harmony.security.x509.Extension$1.getValues (Object, Object[])","@DSModeled(DSC.BAN)","FILE",1.0,"2013-08-21 03:37:14"
6490,"void org.apache.harmony.security.x509.ORAddress.<init> ()","@DSModeled(DSC.SAFE)","MODELER",1.0,"2013-08-21 03:37:14"
6491,"byte[] org.apache.harmony.security.x509.ORAddress.getEncoded ()","@DSModeled(DSC.SAFE)","PSYCHIC",0.9027976089,"2013-08-21 03:37:14"
6492,"void org.apache.harmony.security.x509.ORAddress$1$1.getValues (Object, Object[])","@DSModeled(DSC.BAN)","FILE",1.0,"2013-08-21 03:37:14"
6493,"Object org.apache.harmony.security.x509.ORAddress$1.getDecodedObject (BerInputStream)","@DSModeled(DSC.SAFE)","PSYCHIC",0.9033240157,"2013-08-21 03:37:14"
6494,"void org.apache.harmony.security.x509.ORAddress$1.getValues (Object, Object[])","@DSModeled(DSC.BAN)","MODELER",1.0,"2013-08-21 03:37:14"
6495,"void org.apache.http.conn.routing.HttpRoute.<init> (InetAddress, HttpHost, HttpHost[], boolean, TunnelType, LayerType)","@DSModeled(DSC.SAFE)","MODELER",1.0,"2013-08-21 03:37:15"
6496,"void org.apache.http.conn.routing.HttpRoute.<init> (HttpHost, InetAddress, boolean)","@DSModeled(DSC.SAFE)","PSYCHIC",0.9029227033,"2013-08-21 03:37:15"
6497,"void org.apache.http.conn.routing.HttpRoute.<init> (HttpHost)","@DSModeled(DSC.SAFE)","MODELER",1.0,"2013-08-21 03:37:15"
6498,"HttpHost[] org.apache.http.conn.routing.HttpRoute.toChain (HttpHost)","@DSModeled(DSC.BAN)","SPECTRE",0.99,"2013-08-21 03:37:15"
6499,"HttpHost[] org.apache.http.conn.routing.HttpRoute.toChain (HttpHost[])","@DSModeled(DSC.BAN)","SPECTRE",0.99,"2013-08-21 03:37:15"
6500,"HttpHost org.apache.http.conn.routing.HttpRoute.getTargetHost ()","@DSModeled(DSC.SAFE)","SPECTRE",0.99,"2013-08-21 03:37:15"
6501,"InetAddress org.apache.http.conn.routing.HttpRoute.getLocalAddress ()","@DSModeled(DSC.SAFE)","SPECTRE",0.99,"2013-08-21 03:37:15"
6502,"int org.apache.http.conn.routing.HttpRoute.getHopCount ()","@DSModeled(DSC.SAFE)","SPECTRE",0.99,"2013-08-21 03:37:15"
6503,"HttpHost org.apache.http.conn.routing.HttpRoute.getHopTarget (int)","@DSModeled(DSC.SAFE)","FILE",1.0,"2013-08-21 03:37:15"
6504,"HttpHost org.apache.http.conn.routing.HttpRoute.getProxyHost ()","@DSModeled(DSC.SAFE)","SPECTRE",0.99,"2013-08-21 03:37:15"
6505,"TunnelType org.apache.http.conn.routing.HttpRoute.getTunnelType ()","@DSModeled(DSC.SAFE)","SPECTRE",0.99,"2013-08-21 03:37:15"
6506,"boolean org.apache.http.conn.routing.HttpRoute.isTunnelled ()","@DSModeled(DSC.SAFE)","SPECTRE",0.99,"2013-08-21 03:37:15"
6507,"LayerType org.apache.http.conn.routing.HttpRoute.getLayerType ()","@DSModeled(DSC.SAFE)","SPECTRE",0.99,"2013-08-21 03:37:15"
6508,"boolean org.apache.http.conn.routing.HttpRoute.isLayered ()","@DSModeled(DSC.SAFE)","SPECTRE",0.99,"2013-08-21 03:37:15"
6509,"boolean org.apache.http.conn.routing.HttpRoute.isSecure ()","@DSModeled(DSC.SAFE)","SPECTRE",0.99,"2013-08-21 03:37:15"
6510,"boolean org.apache.http.conn.routing.HttpRoute.equals (Object)","@DSModeled(DSC.SAFE)","PSYCHIC",0.9033246177,"2013-08-21 03:37:15"
6511,"int org.apache.http.conn.routing.HttpRoute.hashCode ()","@DSModeled(DSC.SAFE)","PSYCHIC",0.9032060842,"2013-08-21 03:37:15"
6512,"String org.apache.http.conn.routing.HttpRoute.toString ()","@DSModeled(DSC.SAFE)","FILE",1.0,"2013-08-21 03:37:15"
6513,"Object org.apache.http.conn.routing.HttpRoute.clone ()","@DSModeled(DSC.SAFE)","FILE",1.0,"2013-08-21 03:37:15"
6731,"Entry java.util.Collections$UnmodifiableMap$UnmodifiableEntrySet.iterator ()","@DSModeled(DSC.SAFE)","FILE",1.0,"2013-08-21 14:15:53"
7380,"void java.util.Collections.<init> ()","@DSModeled(DSC.BAN)","SPECTRE",0.99,"2013-08-21 14:38:39"
7381,"boolean java.util.Collections$1.hasMoreElements ()","@DSModeled(DSC.SAFE)","MODELER",1.0,"2013-08-21 14:38:39"
7382,"Object java.util.Collections$1.nextElement ()","@DSModeled(DSC.SAFE)","MODELER",1.0,"2013-08-21 14:38:39"
7383,"Enumeration java.util.Collections.enumeration (Collection)","@DSModeled(DSC.SAFE)","PSYCHIC",0.9033057383,"2013-08-21 14:38:39"
7384,"void java.util.Collections.fill (List, Object)","@DSModeled(DSC.SAFE)","MODELER",0.991,"2013-08-21 14:38:39"
7385,"Object java.util.Collections.max (Collection)","@DSModeled(DSC.SAFE)","PSYCHIC",0.9033042192,"2013-08-21 14:38:40"
7386,"Object java.util.Collections.min (Collection)","@DSModeled(DSC.SAFE)","PSYCHIC",0.9033246177,"2013-08-21 14:38:40"
7387,"List java.util.Collections.nCopies (int, Object)","@DSModeled(DSC.SAFE)","PSYCHIC",0.9032726297,"2013-08-21 14:38:40"
7388,"void java.util.Collections.reverse (List)","@DSModeled(DSC.SAFE)","PSYCHIC",0.9033229227,"2013-08-21 14:38:40"
7389,"Comparator java.util.Collections.reverseOrder ()","@DSModeled(DSC.SAFE)","PSYCHIC",0.903324453,"2013-08-21 14:38:40"
7390,"Comparator java.util.Collections.reverseOrder (Comparator)","@DSModeled(DSC.SAFE)","PSYCHIC",0.9033215744,"2013-08-21 14:38:40"
7391,"void java.util.Collections.shuffle (List)","@DSModeled(DSC.SAFE)","PSYCHIC",0.9033246178,"2013-08-21 14:38:40"
7392,"void java.util.Collections.shuffle (List, Random)","@DSModeled(DSC.SAFE)","PSYCHIC",0.9033153545,"2013-08-21 14:38:40"
7393,"Set java.util.Collections.singleton (Object)","@DSModeled(DSC.SAFE)","PSYCHIC",0.9033154864,"2013-08-21 14:38:40"
7394,"List java.util.Collections.singletonList (Object)","@DSModeled(DSC.SAFE)","PSYCHIC",0.9033246178,"2013-08-21 14:38:40"
7395,"Map java.util.Collections.singletonMap (Object, Object)","@DSModeled(DSC.SAFE)","PSYCHIC",0.9028193774,"2013-08-21 14:38:40"
7396,"void java.util.Collections.sort (List)","@DSModeled(DSC.SAFE)","PSYCHIC",0.9033246178,"2013-08-21 14:38:40"
7397,"void java.util.Collections.swap (List, int, int)","@DSModeled(DSC.SAFE)","PSYCHIC",0.9033246171,"2013-08-21 14:38:40"
7398,"boolean java.util.Collections.replaceAll (List, Object, Object)","@DSModeled(DSC.SAFE)","MODELER",0.991,"2013-08-21 14:38:40"
7399,"void java.util.Collections.rotate (List, int)","@DSModeled(DSC.SAFE)","PSYCHIC",0.9028177417,"2013-08-21 14:38:40"
7400,"ArrayList java.util.Collections.list (Enumeration)","@DSModeled(DSC.SAFE)","PSYCHIC",0.9032957812,"2013-08-21 14:38:40"
7401,"Collection java.util.Collections.synchronizedCollection (Collection)","@DSModeled(DSC.SAFE)","PSYCHIC",0.903274709,"2013-08-21 14:38:40"
7402,"List java.util.Collections.synchronizedList (List)","@DSModeled(DSC.SAFE)","PSYCHIC",0.9033244594,"2013-08-21 14:38:40"
7403,"Map java.util.Collections.synchronizedMap (Map)","@DSModeled(DSC.SAFE)","PSYCHIC",0.9033245698,"2013-08-21 14:38:40"
7404,"Set java.util.Collections.synchronizedSet (Set)","@DSModeled(DSC.SAFE)","PSYCHIC",0.9033235202,"2013-08-21 14:38:40"
7405,"SortedMap java.util.Collections.synchronizedSortedMap (SortedMap)","@DSModeled(DSC.SAFE)","PSYCHIC",0.9028193774,"2013-08-21 14:38:40"
7406,"SortedSet java.util.Collections.synchronizedSortedSet (SortedSet)","@DSModeled(DSC.SAFE)","PSYCHIC",0.9018357907,"2013-08-21 14:38:40"
7407,"Collection java.util.Collections.unmodifiableCollection (Collection)","@DSModeled(DSC.SAFE)","PSYCHIC",0.9033243359,"2013-08-21 14:38:41"
7408,"List java.util.Collections.unmodifiableList (List)","@DSModeled(DSC.SAFE)","PSYCHIC",0.903324195,"2013-08-21 14:38:41"
7409,"Map java.util.Collections.unmodifiableMap (Map)","@DSModeled(DSC.SAFE)","PSYCHIC",0.9033234394,"2013-08-21 14:38:41"
7410,"Set java.util.Collections.unmodifiableSet (Set)","@DSModeled(DSC.SAFE)","PSYCHIC",0.9033229338,"2013-08-21 14:38:41"
7411,"SortedMap java.util.Collections.unmodifiableSortedMap (SortedMap)","@DSModeled(DSC.SAFE)","PSYCHIC",0.9033234394,"2013-08-21 14:38:41"
7412,"SortedSet java.util.Collections.unmodifiableSortedSet (SortedSet)","@DSModeled(DSC.SAFE)","PSYCHIC",0.9033229338,"2013-08-21 14:38:41"
7413,"int java.util.Collections.frequency (Collection, Object)","@DSModeled(DSC.SAFE)","PSYCHIC",0.9033246178,"2013-08-21 14:38:41"
7414,"List java.util.Collections.emptyList ()","@DSModeled(DSC.SAFE)","SPECTRE",0.99,"2013-08-21 14:38:41"
7415,"Set java.util.Collections.emptySet ()","@DSModeled(DSC.SAFE)","SPECTRE",0.99,"2013-08-21 14:38:41"
7416,"Map java.util.Collections.emptyMap ()","@DSModeled(DSC.SAFE)","SPECTRE",0.99,"2013-08-21 14:38:41"
7417,"Enumeration java.util.Collections.emptyEnumeration ()","@DSModeled(DSC.BAN)","SPECTRE",0.99,"2013-08-21 14:38:41"
7418,"Iterator java.util.Collections.emptyIterator ()","@DSModeled(DSC.BAN)","SPECTRE",0.99,"2013-08-21 14:38:41"
7419,"ListIterator java.util.Collections.emptyListIterator ()","@DSModeled(DSC.BAN)","SPECTRE",0.99,"2013-08-21 14:38:41"
7420,"Object java.util.Collections.checkType (Object, Class)","@DSModeled(DSC.SAFE)","MODELER",0.991,"2013-08-21 14:38:41"
7421,"Set java.util.Collections.newSetFromMap (Map)","@DSModeled(DSC.SAFE)","PSYCHIC",0.9018357907,"2013-08-21 14:38:41"
7422,"Queue java.util.Collections.asLifoQueue (Deque)","@DSModeled(DSC.SAFE)","FILE",1.0,"2013-08-21 14:38:41"
7423,"void java.util.Collections$CopiesList.<init> (int, Object)","@DSModeled(DSC.SAFE)","FILE",1.0,"2013-08-21 14:38:41"
7424,"boolean java.util.Collections$CopiesList.contains (Object)","@DSModeled(DSC.SAFE)","PSYCHIC",0.9033246076,"2013-08-21 14:38:41"
7425,"int java.util.Collections$CopiesList.size ()","@DSModeled(DSC.SAFE)","SPECTRE",0.99,"2013-08-21 14:38:41"
7426,"Object java.util.Collections$CopiesList.get (int)","@DSModeled(DSC.SAFE)","FILE",1.0,"2013-08-21 14:38:41"
7427,"void java.util.Collections$EmptyList.<init> ()","@DSModeled(DSC.BAN)","SPECTRE",0.99,"2013-08-21 14:38:42"
7428,"boolean java.util.Collections$EmptyList.contains (Object)","@DSModeled(DSC.SAFE)","SPECTRE",0.99,"2013-08-21 14:38:42"
7429,"int java.util.Collections$EmptyList.size ()","@DSModeled(DSC.SAFE)","SPECTRE",0.99,"2013-08-21 14:38:42"
7430,"Object java.util.Collections$EmptyList.get (int)","@DSModeled(DSC.SAFE)","PSYCHIC",0.9009321498,"2013-08-21 14:38:42"
7431,"Object java.util.Collections$EmptyList.readResolve ()","@DSModeled(DSC.BAN)","SPECTRE",0.99,"2013-08-21 14:38:42"
7432,"void java.util.Collections$EmptySet.<init> ()","@DSModeled(DSC.BAN)","SPECTRE",0.99,"2013-08-21 14:38:42"
7433,"boolean java.util.Collections$EmptySet.contains (Object)","@DSModeled(DSC.SAFE)","SPECTRE",0.99,"2013-08-21 14:38:42"
7434,"int java.util.Collections$EmptySet.size ()","@DSModeled(DSC.SAFE)","SPECTRE",0.99,"2013-08-21 14:38:42"
7435,"Iterator java.util.Collections$EmptySet.iterator ()","@DSModeled(DSC.SAFE)","PSYCHIC",0.9033228095,"2013-08-21 14:38:42"
7436,"Object java.util.Collections$EmptySet.readResolve ()","@DSModeled(DSC.BAN)","SPECTRE",0.99,"2013-08-21 14:38:42"
7437,"void java.util.Collections$EmptyMap.<init> ()","@DSModeled(DSC.BAN)","SPECTRE",0.99,"2013-08-21 14:38:42"
7438,"boolean java.util.Collections$EmptyMap.containsKey (Object)","@DSModeled(DSC.SAFE)","SPECTRE",0.99,"2013-08-21 14:38:42"
7439,"boolean java.util.Collections$EmptyMap.containsValue (Object)","@DSModeled(DSC.SAFE)","SPECTRE",0.99,"2013-08-21 14:38:42"
7440,"Set java.util.Collections$EmptyMap.entrySet ()","@DSModeled(DSC.SAFE)","SPECTRE",0.99,"2013-08-21 14:38:42"
7441,"Object java.util.Collections$EmptyMap.get (Object)","@DSModeled(DSC.SAFE)","SPECTRE",0.99,"2013-08-21 14:38:42"
7442,"Set java.util.Collections$EmptyMap.keySet ()","@DSModeled(DSC.SAFE)","SPECTRE",0.99,"2013-08-21 14:38:42"
7443,"Collection java.util.Collections$EmptyMap.values ()","@DSModeled(DSC.SAFE)","SPECTRE",0.99,"2013-08-21 14:38:42"
7444,"Object java.util.Collections$EmptyMap.readResolve ()","@DSModeled(DSC.BAN)","SPECTRE",0.99,"2013-08-21 14:38:43"
7445,"void java.util.Collections$ReverseComparator.<init> ()","@DSModeled(DSC.BAN)","SPECTRE",0.99,"2013-08-21 14:38:43"
7446,"int java.util.Collections$ReverseComparator.compare (Object, Object)","@DSModeled(DSC.SAFE)","PSYCHIC",0.9033246165,"2013-08-21 14:38:43"
7447,"Object java.util.Collections$ReverseComparator.readResolve ()","@DSModeled(DSC.BAN)","SPECTRE",0.99,"2013-08-21 14:38:43"
7448,"void java.util.Collections$ReverseComparator2.<init> (Comparator)","@DSModeled(DSC.SAFE)","FILE",1.0,"2013-08-21 14:38:43"
7449,"int java.util.Collections$ReverseComparator2.compare (Object, Object)","@DSModeled(DSC.SAFE)","PSYCHIC",0.9033208376,"2013-08-21 14:38:43"
7450,"boolean java.util.Collections$ReverseComparator2.equals (Object)","@DSModeled(DSC.SAFE)","PSYCHIC",0.9033246177,"2013-08-21 14:38:43"
7451,"int java.util.Collections$ReverseComparator2.hashCode ()","@DSModeled(DSC.SAFE)","PSYCHIC",0.9018188899,"2013-08-21 14:38:43"
7452,"void java.util.Collections$SingletonSet.<init> (Object)","@DSModeled(DSC.SAFE)","FILE",1.0,"2013-08-21 14:38:43"
7453,"boolean java.util.Collections$SingletonSet.contains (Object)","@DSModeled(DSC.SAFE)","PSYCHIC",0.9061164917,"2013-08-21 14:38:43"
7454,"int java.util.Collections$SingletonSet.size ()","@DSModeled(DSC.SAFE)","SPECTRE",0.99,"2013-08-21 14:38:43"
7455,"boolean java.util.Collections$SingletonSet$1.hasNext ()","@DSModeled(DSC.SAFE)","SPECTRE",0.99,"2013-08-21 14:38:43"
7456,"Iterator java.util.Collections$SingletonSet.iterator ()","@DSModeled(DSC.SAFE)","PSYCHIC",0.9033237937,"2013-08-21 14:38:43"
7457,"void java.util.Collections$SingletonList.<init> (Object)","@DSModeled(DSC.SAFE)","PSYCHIC",0.9033242404,"2013-08-21 14:38:43"
7458,"boolean java.util.Collections$SingletonList.contains (Object)","@DSModeled(DSC.SAFE)","FILE",1.0,"2013-08-21 14:38:43"
7459,"Object java.util.Collections$SingletonList.get (int)","@DSModeled(DSC.SAFE)","PSYCHIC",0.9001173504,"2013-08-21 14:38:43"
7460,"int java.util.Collections$SingletonList.size ()","@DSModeled(DSC.SAFE)","SPECTRE",0.99,"2013-08-21 14:38:43"
7461,"void java.util.Collections$SingletonMap.<init> (Object, Object)","@DSModeled(DSC.SAFE)","PSYCHIC",0.9033242404,"2013-08-21 14:38:43"
7462,"boolean java.util.Collections$SingletonMap.containsKey (Object)","@DSModeled(DSC.SAFE)","PSYCHIC",0.9033246177,"2013-08-21 14:38:43"
7463,"boolean java.util.Collections$SingletonMap.containsValue (Object)","@DSModeled(DSC.SAFE)","PSYCHIC",0.9033245933,"2013-08-21 14:38:43"
7464,"Object java.util.Collections$SingletonMap.get (Object)","@DSModeled(DSC.SAFE)","FILE",1.0,"2013-08-21 14:38:43"
7465,"int java.util.Collections$SingletonMap.size ()","@DSModeled(DSC.SAFE)","SPECTRE",0.99,"2013-08-21 14:38:43"
7466,"int java.util.Collections$SingletonMap$1.size ()","@DSModeled(DSC.SAFE)","SPECTRE",0.99,"2013-08-21 14:38:43"
7467,"boolean java.util.Collections$SingletonMap$1$1.hasNext ()","@DSModeled(DSC.SAFE)","SPECTRE",0.99,"2013-08-21 14:38:43"
7468,"void java.util.Collections$SynchronizedCollection.<init> (Collection)","@DSModeled(DSC.SAFE)","FILE",1.0,"2013-08-21 14:38:44"
7469,"void java.util.Collections$SynchronizedCollection.<init> (Collection, Object)","@DSModeled(DSC.SAFE)","FILE",1.0,"2013-08-21 14:38:44"
7470,"boolean java.util.Collections$SynchronizedCollection.add (Object)","@DSModeled(DSC.SAFE)","PSYCHIC",0.9061164917,"2013-08-21 14:38:44"
7471,"boolean java.util.Collections$SynchronizedCollection.addAll (Collection)","@DSModeled(DSC.SAFE)","FILE",1.0,"2013-08-21 14:38:44"
7472,"void java.util.Collections$SynchronizedCollection.clear ()","@DSModeled(DSC.SAFE)","FILE",1.0,"2013-08-21 14:38:44"
7473,"boolean java.util.Collections$SynchronizedCollection.contains (Object)","@DSModeled(DSC.SAFE)","FILE",1.0,"2013-08-21 14:38:44"
7474,"boolean java.util.Collections$SynchronizedCollection.containsAll (Collection)","@DSModeled(DSC.SAFE)","PSYCHIC",0.9033244614,"2013-08-21 14:38:44"
7475,"boolean java.util.Collections$SynchronizedCollection.isEmpty ()","@DSModeled(DSC.SAFE)","FILE",1.0,"2013-08-21 14:38:44"
7476,"Iterator java.util.Collections$SynchronizedCollection.iterator ()","@DSModeled(DSC.SAFE)","PSYCHIC",0.9033228979,"2013-08-21 14:38:45"
7477,"boolean java.util.Collections$SynchronizedCollection.remove (Object)","@DSModeled(DSC.SAFE)","PSYCHIC",0.9033245881,"2013-08-21 14:38:45"
7478,"boolean java.util.Collections$SynchronizedCollection.removeAll (Collection)","@DSModeled(DSC.SAFE)","PSYCHIC",0.9033240005,"2013-08-21 14:38:45"
7479,"boolean java.util.Collections$SynchronizedCollection.retainAll (Collection)","@DSModeled(DSC.SAFE)","FILE",1.0,"2013-08-21 14:38:45"
7480,"int java.util.Collections$SynchronizedCollection.size ()","@DSModeled(DSC.SAFE)","PSYCHIC",0.9034464966,"2013-08-21 14:38:45"
7481,"Object[] java.util.Collections$SynchronizedCollection.toArray ()","@DSModeled(DSC.SAFE)","FILE",1.0,"2013-08-21 14:38:45"
7482,"String java.util.Collections$SynchronizedCollection.toString ()","@DSModeled(DSC.SAFE)","PSYCHIC",0.9033246178,"2013-08-21 14:38:45"
7483,"Object[] java.util.Collections$SynchronizedCollection.toArray (Object[])","@DSModeled(DSC.SAFE)","FILE",1.0,"2013-08-21 14:38:45"
7484,"void java.util.Collections$SynchronizedCollection.writeObject (ObjectOutputStream)","@DSModeled(DSC.BAN)","SPECTRE",0.99,"2013-08-21 14:38:45"
7485,"void java.util.Collections$SynchronizedRandomAccessList.<init> (List)","@DSModeled(DSC.SAFE)","PSYCHIC",0.9032120219,"2013-08-21 14:38:45"
7486,"void java.util.Collections$SynchronizedRandomAccessList.<init> (List, Object)","@DSModeled(DSC.SAFE)","PSYCHIC",0.9032120219,"2013-08-21 14:38:45"
7487,"List java.util.Collections$SynchronizedRandomAccessList.subList (int, int)","@DSModeled(DSC.SAFE)","PSYCHIC",0.9033223771,"2013-08-21 14:38:45"
7488,"Object java.util.Collections$SynchronizedRandomAccessList.writeReplace ()","@DSModeled(DSC.BAN)","SPECTRE",0.99,"2013-08-21 14:38:45"
7489,"void java.util.Collections$SynchronizedList.<init> (List)","@DSModeled(DSC.SAFE)","PSYCHIC",0.9033071039,"2013-08-21 14:38:45"
7490,"void java.util.Collections$SynchronizedList.<init> (List, Object)","@DSModeled(DSC.SAFE)","PSYCHIC",0.9033071039,"2013-08-21 14:38:45"
7491,"void java.util.Collections$SynchronizedList.add (int, Object)","@DSModeled(DSC.SAFE)","PSYCHIC",0.9033071039,"2013-08-21 14:38:45"
7492,"boolean java.util.Collections$SynchronizedList.addAll (int, Collection)","@DSModeled(DSC.SAFE)","FILE",1.0,"2013-08-21 14:38:45"
7493,"boolean java.util.Collections$SynchronizedList.equals (Object)","@DSModeled(DSC.SAFE)","FILE",1.0,"2013-08-21 14:38:45"
7494,"Object java.util.Collections$SynchronizedList.get (int)","@DSModeled(DSC.SAFE)","FILE",1.0,"2013-08-21 14:38:45"
7495,"int java.util.Collections$SynchronizedList.hashCode ()","@DSModeled(DSC.SAFE)","PSYCHIC",0.9033245888,"2013-08-21 14:38:45"
7496,"int java.util.Collections$SynchronizedList.indexOf (Object)","@DSModeled(DSC.SAFE)","PSYCHIC",0.903324614,"2013-08-21 14:38:45"
7497,"int java.util.Collections$SynchronizedList.lastIndexOf (Object)","@DSModeled(DSC.SAFE)","PSYCHIC",0.9033246169,"2013-08-21 14:38:45"
7498,"ListIterator java.util.Collections$SynchronizedList.listIterator ()","@DSModeled(DSC.SAFE)","PSYCHIC",0.9033244865,"2013-08-21 14:38:45"
7499,"ListIterator java.util.Collections$SynchronizedList.listIterator (int)","@DSModeled(DSC.SAFE)","PSYCHIC",0.9033066842,"2013-08-21 14:38:45"
7500,"Object java.util.Collections$SynchronizedList.remove (int)","@DSModeled(DSC.SAFE)","PSYCHIC",0.9001173504,"2013-08-21 14:38:45"
7501,"Object java.util.Collections$SynchronizedList.set (int, Object)","@DSModeled(DSC.SAFE)","FILE",1.0,"2013-08-21 14:38:45"
7502,"List java.util.Collections$SynchronizedList.subList (int, int)","@DSModeled(DSC.SAFE)","PSYCHIC",0.9033245962,"2013-08-21 14:38:46"
7503,"void java.util.Collections$SynchronizedList.writeObject (ObjectOutputStream)","@DSModeled(DSC.BAN)","SPECTRE",0.99,"2013-08-21 14:38:46"
7504,"Object java.util.Collections$SynchronizedList.readResolve ()","@DSModeled(DSC.BAN)","SPECTRE",0.99,"2013-08-21 14:38:46"
7505,"void java.util.Collections$SynchronizedMap.<init> (Map)","@DSModeled(DSC.SAFE)","FILE",1.0,"2013-08-21 14:38:46"
7506,"void java.util.Collections$SynchronizedMap.<init> (Map, Object)","@DSModeled(DSC.SAFE)","FILE",1.0,"2013-08-21 14:38:46"
7507,"void java.util.Collections$SynchronizedMap.clear ()","@DSModeled(DSC.SAFE)","FILE",1.0,"2013-08-21 14:38:46"
7508,"boolean java.util.Collections$SynchronizedMap.containsKey (Object)","@DSModeled(DSC.SAFE)","PSYCHIC",0.9033245862,"2013-08-21 14:38:46"
7509,"boolean java.util.Collections$SynchronizedMap.containsValue (Object)","@DSModeled(DSC.SAFE)","PSYCHIC",0.9035069907,"2013-08-21 14:38:46"
7510,"boolean java.util.Collections$SynchronizedMap.equals (Object)","@DSModeled(DSC.SAFE)","PSYCHIC",0.9061255804,"2013-08-21 14:38:46"
7511,"Object java.util.Collections$SynchronizedMap.get (Object)","@DSModeled(DSC.SAFE)","PSYCHIC",0.9001173504,"2013-08-21 14:38:46"
7512,"int java.util.Collections$SynchronizedMap.hashCode ()","@DSModeled(DSC.SAFE)","PSYCHIC",0.9033246146,"2013-08-21 14:38:46"
7513,"boolean java.util.Collections$SynchronizedMap.isEmpty ()","@DSModeled(DSC.SAFE)","PSYCHIC",0.9056551319,"2013-08-21 14:38:46"
7514,"Set java.util.Collections$SynchronizedMap.keySet ()","@DSModeled(DSC.SAFE)","PSYCHIC",0.9033244863,"2013-08-21 14:38:47"
7515,"Object java.util.Collections$SynchronizedMap.put (Object, Object)","@DSModeled(DSC.SAFE)","PSYCHIC",0.9001173504,"2013-08-21 14:38:47"
7516,"void java.util.Collections$SynchronizedMap.putAll (Map)","@DSModeled(DSC.SAFE)","PSYCHIC",0.9032120219,"2013-08-21 14:38:47"
7517,"Object java.util.Collections$SynchronizedMap.remove (Object)","@DSModeled(DSC.SAFE)","PSYCHIC",0.9001173504,"2013-08-21 14:38:47"
7518,"int java.util.Collections$SynchronizedMap.size ()","@DSModeled(DSC.SAFE)","PSYCHIC",0.906324394,"2013-08-21 14:38:47"
7519,"Collection java.util.Collections$SynchronizedMap.values ()","@DSModeled(DSC.SAFE)","PSYCHIC",0.9033214444,"2013-08-21 14:38:47"
7520,"String java.util.Collections$SynchronizedMap.toString ()","@DSModeled(DSC.SAFE)","PSYCHIC",0.9033246178,"2013-08-21 14:38:47"
7521,"void java.util.Collections$SynchronizedMap.writeObject (ObjectOutputStream)","@DSModeled(DSC.BAN)","SPECTRE",0.99,"2013-08-21 14:38:47"
7522,"void java.util.Collections$SynchronizedSet.<init> (Set)","@DSModeled(DSC.SAFE)","PSYCHIC",0.9032120219,"2013-08-21 14:38:47"
7523,"void java.util.Collections$SynchronizedSet.<init> (Set, Object)","@DSModeled(DSC.SAFE)","PSYCHIC",0.9032120219,"2013-08-21 14:38:47"
7524,"boolean java.util.Collections$SynchronizedSet.equals (Object)","@DSModeled(DSC.SAFE)","PSYCHIC",0.909447683,"2013-08-21 14:38:47"
7525,"int java.util.Collections$SynchronizedSet.hashCode ()","@DSModeled(DSC.SAFE)","PSYCHIC",0.904320516,"2013-08-21 14:38:47"
7526,"void java.util.Collections$SynchronizedSet.writeObject (ObjectOutputStream)","@DSModeled(DSC.BAN)","SPECTRE",0.99,"2013-08-21 14:38:47"
7527,"void java.util.Collections$SynchronizedSortedMap.<init> (SortedMap)","@DSModeled(DSC.SAFE)","PSYCHIC",0.9032120219,"2013-08-21 14:38:47"
7528,"void java.util.Collections$SynchronizedSortedMap.<init> (SortedMap, Object)","@DSModeled(DSC.SAFE)","PSYCHIC",0.9032120219,"2013-08-21 14:38:47"
7529,"Comparator java.util.Collections$SynchronizedSortedMap.comparator ()","@DSModeled(DSC.SAFE)","PSYCHIC",0.9033245995,"2013-08-21 14:38:47"
7530,"Object java.util.Collections$SynchronizedSortedMap.firstKey ()","@DSModeled(DSC.SAFE)","FILE",1.0,"2013-08-21 14:38:47"
7531,"SortedMap java.util.Collections$SynchronizedSortedMap.headMap (Object)","@DSModeled(DSC.SAFE)","FILE",1.0,"2013-08-21 14:38:47"
7532,"Object java.util.Collections$SynchronizedSortedMap.lastKey ()","@DSModeled(DSC.SAFE)","FILE",1.0,"2013-08-21 14:38:47"
7533,"SortedMap java.util.Collections$SynchronizedSortedMap.subMap (Object, Object)","@DSModeled(DSC.SAFE)","FILE",1.0,"2013-08-21 14:38:47"
7534,"SortedMap java.util.Collections$SynchronizedSortedMap.tailMap (Object)","@DSModeled(DSC.SAFE)","FILE",1.0,"2013-08-21 14:38:47"
7535,"void java.util.Collections$SynchronizedSortedMap.writeObject (ObjectOutputStream)","@DSModeled(DSC.BAN)","SPECTRE",0.99,"2013-08-21 14:38:47"
7536,"void java.util.Collections$SynchronizedSortedSet.<init> (SortedSet)","@DSModeled(DSC.SAFE)","PSYCHIC",0.9032120219,"2013-08-21 14:38:47"
7537,"void java.util.Collections$SynchronizedSortedSet.<init> (SortedSet, Object)","@DSModeled(DSC.SAFE)","PSYCHIC",0.9032120219,"2013-08-21 14:38:47"
7538,"Comparator java.util.Collections$SynchronizedSortedSet.comparator ()","@DSModeled(DSC.SAFE)","PSYCHIC",0.9033225556,"2013-08-21 14:38:47"
7539,"Object java.util.Collections$SynchronizedSortedSet.first ()","@DSModeled(DSC.SAFE)","FILE",1.0,"2013-08-21 14:38:47"
7540,"SortedSet java.util.Collections$SynchronizedSortedSet.headSet (Object)","@DSModeled(DSC.SAFE)","PSYCHIC",0.9016421078,"2013-08-21 14:38:47"
7541,"Object java.util.Collections$SynchronizedSortedSet.last ()","@DSModeled(DSC.SAFE)","FILE",1.0,"2013-08-21 14:38:47"
7542,"SortedSet java.util.Collections$SynchronizedSortedSet.subSet (Object, Object)","@DSModeled(DSC.SAFE)","FILE",1.0,"2013-08-21 14:38:48"
7543,"SortedSet java.util.Collections$SynchronizedSortedSet.tailSet (Object)","@DSModeled(DSC.SAFE)","FILE",1.0,"2013-08-21 14:38:48"
7544,"void java.util.Collections$SynchronizedSortedSet.writeObject (ObjectOutputStream)","@DSModeled(DSC.BAN)","SPECTRE",0.99,"2013-08-21 14:38:48"
7545,"void java.util.Collections$UnmodifiableCollection.<init> (Collection)","@DSModeled(DSC.SAFE)","PSYCHIC",0.9032120219,"2013-08-21 14:38:48"
7546,"boolean java.util.Collections$UnmodifiableCollection.add (Object)","@DSModeled(DSC.SAFE)","PSYCHIC",0.9033244842,"2013-08-21 14:38:48"
7547,"boolean java.util.Collections$UnmodifiableCollection.addAll (Collection)","@DSModeled(DSC.SAFE)","FILE",1.0,"2013-08-21 14:38:48"
7548,"void java.util.Collections$UnmodifiableCollection.clear ()","@DSModeled(DSC.SAFE)","PSYCHIC",0.9032120219,"2013-08-21 14:38:48"
7549,"boolean java.util.Collections$UnmodifiableCollection.contains (Object)","@DSModeled(DSC.SAFE)","FILE",1.0,"2013-08-21 14:38:48"
7550,"boolean java.util.Collections$UnmodifiableCollection.containsAll (Collection)","@DSModeled(DSC.SAFE)","PSYCHIC",0.9033244614,"2013-08-21 14:38:48"
7551,"boolean java.util.Collections$UnmodifiableCollection.isEmpty ()","@DSModeled(DSC.SAFE)","FILE",1.0,"2013-08-21 14:38:48"
7552,"boolean java.util.Collections$UnmodifiableCollection$1.hasNext ()","@DSModeled(DSC.SAFE)","MODELER",1.0,"2013-08-21 14:38:48"
7553,"Object java.util.Collections$UnmodifiableCollection$1.next ()","@DSModeled(DSC.SAFE)","MODELER",1.0,"2013-08-21 14:38:48"
7554,"Iterator java.util.Collections$UnmodifiableCollection.iterator ()","@DSModeled(DSC.SAFE)","PSYCHIC",0.9032863754,"2013-08-21 14:38:48"
7555,"boolean java.util.Collections$UnmodifiableCollection.remove (Object)","@DSModeled(DSC.SAFE)","PSYCHIC",0.9061164917,"2013-08-21 14:38:48"
7556,"boolean java.util.Collections$UnmodifiableCollection.removeAll (Collection)","@DSModeled(DSC.SAFE)","PSYCHIC",0.9033081674,"2013-08-21 14:38:48"
7557,"boolean java.util.Collections$UnmodifiableCollection.retainAll (Collection)","@DSModeled(DSC.SAFE)","FILE",1.0,"2013-08-21 14:38:48"
7558,"int java.util.Collections$UnmodifiableCollection.size ()","@DSModeled(DSC.SAFE)","PSYCHIC",0.9033246016,"2013-08-21 14:38:48"
7559,"Object[] java.util.Collections$UnmodifiableCollection.toArray ()","@DSModeled(DSC.SAFE)","PSYCHIC",0.9033240557,"2013-08-21 14:38:48"
7560,"Object[] java.util.Collections$UnmodifiableCollection.toArray (Object[])","@DSModeled(DSC.SAFE)","FILE",1.0,"2013-08-21 14:38:48"
7561,"String java.util.Collections$UnmodifiableCollection.toString ()","@DSModeled(DSC.SAFE)","PSYCHIC",0.9033246178,"2013-08-21 14:38:48"
7562,"void java.util.Collections$UnmodifiableRandomAccessList.<init> (List)","@DSModeled(DSC.SAFE)","PSYCHIC",0.9003410967,"2013-08-21 14:38:48"
7563,"List java.util.Collections$UnmodifiableRandomAccessList.subList (int, int)","@DSModeled(DSC.SAFE)","PSYCHIC",0.9033223771,"2013-08-21 14:38:48"
7564,"Object java.util.Collections$UnmodifiableRandomAccessList.writeReplace ()","@DSModeled(DSC.BAN)","SPECTRE",0.99,"2013-08-21 14:38:48"
7565,"void java.util.Collections$UnmodifiableList.<init> (List)","@DSModeled(DSC.SAFE)","FILE",1.0,"2013-08-21 14:38:48"
7566,"void java.util.Collections$UnmodifiableList.add (int, Object)","@DSModeled(DSC.SAFE)","FILE",1.0,"2013-08-21 14:38:48"
7567,"boolean java.util.Collections$UnmodifiableList.addAll (int, Collection)","@DSModeled(DSC.SAFE)","FILE",1.0,"2013-08-21 14:38:48"
7568,"boolean java.util.Collections$UnmodifiableList.equals (Object)","@DSModeled(DSC.SAFE)","FILE",1.0,"2013-08-21 14:38:49"
7569,"Object java.util.Collections$UnmodifiableList.get (int)","@DSModeled(DSC.SAFE)","FILE",1.0,"2013-08-21 14:38:49"
7570,"int java.util.Collections$UnmodifiableList.hashCode ()","@DSModeled(DSC.SAFE)","PSYCHIC",0.9033245888,"2013-08-21 14:38:49"
7571,"int java.util.Collections$UnmodifiableList.indexOf (Object)","@DSModeled(DSC.SAFE)","PSYCHIC",0.903324614,"2013-08-21 14:38:49"
7572,"int java.util.Collections$UnmodifiableList.lastIndexOf (Object)","@DSModeled(DSC.SAFE)","PSYCHIC",0.9033246122,"2013-08-21 14:38:49"
7573,"ListIterator java.util.Collections$UnmodifiableList.listIterator ()","@DSModeled(DSC.SAFE)","PSYCHIC",0.9033086034,"2013-08-21 14:38:49"
7574,"ListIterator java.util.Collections$UnmodifiableList.listIterator (int)","@DSModeled(DSC.SAFE)","PSYCHIC",0.9033066842,"2013-08-21 14:38:49"
7575,"Object java.util.Collections$UnmodifiableList.remove (int)","@DSModeled(DSC.SAFE)","FILE",1.0,"2013-08-21 14:38:49"
7576,"Object java.util.Collections$UnmodifiableList.set (int, Object)","@DSModeled(DSC.SAFE)","FILE",1.0,"2013-08-21 14:38:49"
7577,"List java.util.Collections$UnmodifiableList.subList (int, int)","@DSModeled(DSC.SAFE)","PSYCHIC",0.9033243818,"2013-08-21 14:38:49"
7578,"Object java.util.Collections$UnmodifiableList.readResolve ()","@DSModeled(DSC.BAN)","SPECTRE",0.99,"2013-08-21 14:38:49"
7579,"void java.util.Collections$UnmodifiableMap.<init> (Map)","@DSModeled(DSC.SAFE)","FILE",1.0,"2013-08-21 14:38:49"
7580,"void java.util.Collections$UnmodifiableMap.clear ()","@DSModeled(DSC.SAFE)","FILE",1.0,"2013-08-21 14:38:49"
7581,"boolean java.util.Collections$UnmodifiableMap.containsKey (Object)","@DSModeled(DSC.SAFE)","PSYCHIC",0.9061164917,"2013-08-21 14:38:49"
7582,"boolean java.util.Collections$UnmodifiableMap.containsValue (Object)","@DSModeled(DSC.SAFE)","PSYCHIC",0.9035069907,"2013-08-21 14:38:49"
7583,"Set java.util.Collections$UnmodifiableMap.entrySet ()","@DSModeled(DSC.SAFE)","MODELER",1.0,"2013-08-21 14:38:49"
7584,"boolean java.util.Collections$UnmodifiableMap.equals (Object)","@DSModeled(DSC.SAFE)","PSYCHIC",0.9061255804,"2013-08-21 14:38:49"
7585,"Object java.util.Collections$UnmodifiableMap.get (Object)","@DSModeled(DSC.SAFE)","FILE",1.0,"2013-08-21 14:38:49"
7586,"int java.util.Collections$UnmodifiableMap.hashCode ()","@DSModeled(DSC.SAFE)","PSYCHIC",0.9032996424,"2013-08-21 14:38:50"
7587,"boolean java.util.Collections$UnmodifiableMap.isEmpty ()","@DSModeled(DSC.SAFE)","PSYCHIC",0.9056551319,"2013-08-21 14:38:50"
7588,"Set java.util.Collections$UnmodifiableMap.keySet ()","@DSModeled(DSC.SAFE)","PSYCHIC",0.9033229388,"2013-08-21 14:38:50"
7589,"Object java.util.Collections$UnmodifiableMap.put (Object, Object)","@DSModeled(DSC.SAFE)","PSYCHIC",0.9001173504,"2013-08-21 14:38:50"
7590,"void java.util.Collections$UnmodifiableMap.putAll (Map)","@DSModeled(DSC.SAFE)","PSYCHIC",0.9003410967,"2013-08-21 14:38:50"
7591,"Object java.util.Collections$UnmodifiableMap.remove (Object)","@DSModeled(DSC.SAFE)","PSYCHIC",0.9001173504,"2013-08-21 14:38:50"
7592,"int java.util.Collections$UnmodifiableMap.size ()","@DSModeled(DSC.SAFE)","PSYCHIC",0.906324394,"2013-08-21 14:38:50"
7593,"Collection java.util.Collections$UnmodifiableMap.values ()","@DSModeled(DSC.SAFE)","PSYCHIC",0.9034826546,"2013-08-21 14:38:50"
7594,"String java.util.Collections$UnmodifiableMap.toString ()","@DSModeled(DSC.SAFE)","PSYCHIC",0.9033246164,"2013-08-21 14:38:50"
7595,"void java.util.Collections$UnmodifiableMap$UnmodifiableEntrySet.<init> (Set)","@DSModeled(DSC.SAFE)","FILE",1.0,"2013-08-21 14:38:50"
7596,"boolean java.util.Collections$UnmodifiableMap$UnmodifiableEntrySet$1.hasNext ()","@DSModeled(DSC.SAFE)","MODELER",1.0,"2013-08-21 14:38:50"
7597,"Entry java.util.Collections$UnmodifiableMap$UnmodifiableEntrySet$1.next ()","@DSModeled(DSC.SAFE)","MODELER",1.0,"2013-08-21 14:38:50"
7598,"Iterator java.util.Collections$UnmodifiableMap$UnmodifiableEntrySet.iterator ()","@DSModeled(DSC.SAFE)","MODELER",1.0,"2013-08-21 14:38:50"
7599,"Object[] java.util.Collections$UnmodifiableMap$UnmodifiableEntrySet.toArray ()","@DSModeled(DSC.SAFE)","PSYCHIC",0.9033240557,"2013-08-21 14:38:50"
7600,"Object[] java.util.Collections$UnmodifiableMap$UnmodifiableEntrySet.toArray (Object[])","@DSModeled(DSC.SAFE)","FILE",1.0,"2013-08-21 14:38:51"
7601,"void java.util.Collections$UnmodifiableMap$UnmodifiableEntrySet$UnmodifiableMapEntry.<init> (Entry)","@DSModeled(DSC.SAFE)","FILE",1.0,"2013-08-21 14:38:51"
7602,"boolean java.util.Collections$UnmodifiableMap$UnmodifiableEntrySet$UnmodifiableMapEntry.equals (Object)","@DSModeled(DSC.SAFE)","PSYCHIC",0.9030912273,"2013-08-21 14:38:51"
7603,"Object java.util.Collections$UnmodifiableMap$UnmodifiableEntrySet$UnmodifiableMapEntry.getKey ()","@DSModeled(DSC.SAFE)","FILE",1.0,"2013-08-21 14:38:51"
7604,"Object java.util.Collections$UnmodifiableMap$UnmodifiableEntrySet$UnmodifiableMapEntry.getValue ()","@DSModeled(DSC.SAFE)","FILE",1.0,"2013-08-21 14:38:51"
7605,"int java.util.Collections$UnmodifiableMap$UnmodifiableEntrySet$UnmodifiableMapEntry.hashCode ()","@DSModeled(DSC.SAFE)","PSYCHIC",0.9012100281,"2013-08-21 14:38:51"
7606,"Object java.util.Collections$UnmodifiableMap$UnmodifiableEntrySet$UnmodifiableMapEntry.setValue (Object)","@DSModeled(DSC.SAFE)","PSYCHIC",0.9029224634,"2013-08-21 14:38:51"
7607,"String java.util.Collections$UnmodifiableMap$UnmodifiableEntrySet$UnmodifiableMapEntry.toString ()","@DSModeled(DSC.SAFE)","PSYCHIC",0.9033246178,"2013-08-21 14:38:51"
7608,"void java.util.Collections$UnmodifiableSet.<init> (Set)","@DSModeled(DSC.SAFE)","PSYCHIC",0.9003410967,"2013-08-21 14:38:51"
7609,"boolean java.util.Collections$UnmodifiableSet.equals (Object)","@DSModeled(DSC.SAFE)","PSYCHIC",0.909447683,"2013-08-21 14:38:51"
7610,"int java.util.Collections$UnmodifiableSet.hashCode ()","@DSModeled(DSC.SAFE)","PSYCHIC",0.904320516,"2013-08-21 14:38:51"
7611,"void java.util.Collections$UnmodifiableSortedMap.<init> (SortedMap)","@DSModeled(DSC.SAFE)","PSYCHIC",0.9003410967,"2013-08-21 14:38:51"
7612,"Comparator java.util.Collections$UnmodifiableSortedMap.comparator ()","@DSModeled(DSC.SAFE)","PSYCHIC",0.903324453,"2013-08-21 14:38:51"
7613,"Object java.util.Collections$UnmodifiableSortedMap.firstKey ()","@DSModeled(DSC.SAFE)","PSYCHIC",0.9012278765,"2013-08-21 14:38:51"
7614,"SortedMap java.util.Collections$UnmodifiableSortedMap.headMap (Object)","@DSModeled(DSC.SAFE)","FILE",1.0,"2013-08-21 14:38:51"
7615,"Object java.util.Collections$UnmodifiableSortedMap.lastKey ()","@DSModeled(DSC.SAFE)","FILE",1.0,"2013-08-21 14:38:51"
7616,"SortedMap java.util.Collections$UnmodifiableSortedMap.subMap (Object, Object)","@DSModeled(DSC.SAFE)","FILE",1.0,"2013-08-21 14:38:51"
7617,"SortedMap java.util.Collections$UnmodifiableSortedMap.tailMap (Object)","@DSModeled(DSC.SAFE)","FILE",1.0,"2013-08-21 14:38:51"
7618,"void java.util.Collections$UnmodifiableSortedSet.<init> (SortedSet)","@DSModeled(DSC.SAFE)","PSYCHIC",0.9003410967,"2013-08-21 14:38:51"
7619,"Comparator java.util.Collections$UnmodifiableSortedSet.comparator ()","@DSModeled(DSC.SAFE)","PSYCHIC",0.9033225556,"2013-08-21 14:38:51"
7620,"Object java.util.Collections$UnmodifiableSortedSet.first ()","@DSModeled(DSC.SAFE)","FILE",1.0,"2013-08-21 14:38:51"
7621,"SortedSet java.util.Collections$UnmodifiableSortedSet.headSet (Object)","@DSModeled(DSC.SAFE)","FILE",1.0,"2013-08-21 14:38:51"
7622,"Object java.util.Collections$UnmodifiableSortedSet.last ()","@DSModeled(DSC.SAFE)","FILE",1.0,"2013-08-21 14:38:51"
7623,"SortedSet java.util.Collections$UnmodifiableSortedSet.subSet (Object, Object)","@DSModeled(DSC.SAFE)","FILE",1.0,"2013-08-21 14:38:51"
7624,"SortedSet java.util.Collections$UnmodifiableSortedSet.tailSet (Object)","@DSModeled(DSC.SAFE)","FILE",1.0,"2013-08-21 14:38:51"
7625,"boolean java.util.Collections$SetFromMap.equals (Object)","@DSModeled(DSC.SAFE)","FILE",1.0,"2013-08-21 14:38:52"
7626,"int java.util.Collections$SetFromMap.hashCode ()","@DSModeled(DSC.SAFE)","PSYCHIC",0.9033222308,"2013-08-21 14:38:52"
7627,"boolean java.util.Collections$SetFromMap.add (Object)","@DSModeled(DSC.SAFE)","PSYCHIC",0.9033048607,"2013-08-21 14:38:52"
7628,"void java.util.Collections$SetFromMap.clear ()","@DSModeled(DSC.SAFE)","FILE",1.0,"2013-08-21 14:38:52"
7629,"String java.util.Collections$SetFromMap.toString ()","@DSModeled(DSC.SAFE)","PSYCHIC",0.9033246178,"2013-08-21 14:38:52"
7630,"boolean java.util.Collections$SetFromMap.contains (Object)","@DSModeled(DSC.SAFE)","FILE",1.0,"2013-08-21 14:38:52"
7631,"boolean java.util.Collections$SetFromMap.containsAll (Collection)","@DSModeled(DSC.SAFE)","PSYCHIC",0.9066752876,"2013-08-21 14:38:52"
7632,"boolean java.util.Collections$SetFromMap.isEmpty ()","@DSModeled(DSC.SAFE)","PSYCHIC",0.9050119052,"2013-08-21 14:38:52"
7633,"boolean java.util.Collections$SetFromMap.remove (Object)","@DSModeled(DSC.SAFE)","PSYCHIC",0.9364590108,"2013-08-21 14:38:52"
7634,"boolean java.util.Collections$SetFromMap.retainAll (Collection)","@DSModeled(DSC.SAFE)","PSYCHIC",0.9033246045,"2013-08-21 14:38:52"
7635,"Object[] java.util.Collections$SetFromMap.toArray ()","@DSModeled(DSC.SAFE)","PSYCHIC",0.903324601,"2013-08-21 14:38:52"
7636,"Object[] java.util.Collections$SetFromMap.toArray (Object[])","@DSModeled(DSC.SAFE)","FILE",1.0,"2013-08-21 14:38:52"
7637,"Iterator java.util.Collections$SetFromMap.iterator ()","@DSModeled(DSC.SAFE)","PSYCHIC",0.9033237937,"2013-08-21 14:38:52"
7638,"int java.util.Collections$SetFromMap.size ()","@DSModeled(DSC.SAFE)","PSYCHIC",0.9001813331,"2013-08-21 14:38:52"
7639,"void java.util.Collections$SetFromMap.readObject (ObjectInputStream)","@DSModeled(DSC.BAN)","SPECTRE",0.99,"2013-08-21 14:38:52"
7640,"Iterator java.util.Collections$AsLIFOQueue.iterator ()","@DSModeled(DSC.SAFE)","PSYCHIC",0.9033246159,"2013-08-21 14:38:52"
7641,"int java.util.Collections$AsLIFOQueue.size ()","@DSModeled(DSC.SAFE)","PSYCHIC",0.9033246178,"2013-08-21 14:38:52"
7642,"boolean java.util.Collections$AsLIFOQueue.offer (Object)","@DSModeled(DSC.SAFE)","PSYCHIC",0.9033246176,"2013-08-21 14:38:52"
7643,"Object java.util.Collections$AsLIFOQueue.peek ()","@DSModeled(DSC.SAFE)","FILE",1.0,"2013-08-21 14:38:52"
7644,"Object java.util.Collections$AsLIFOQueue.poll ()","@DSModeled(DSC.SAFE)","FILE",1.0,"2013-08-21 14:38:52"
7645,"boolean java.util.Collections$AsLIFOQueue.add (Object)","@DSModeled(DSC.SAFE)","PSYCHIC",0.9033246178,"2013-08-21 14:38:52"
7646,"void java.util.Collections$AsLIFOQueue.clear ()","@DSModeled(DSC.SAFE)","FILE",1.0,"2013-08-21 14:38:52"
7647,"Object java.util.Collections$AsLIFOQueue.element ()","@DSModeled(DSC.SAFE)","FILE",1.0,"2013-08-21 14:38:52"
7648,"Object java.util.Collections$AsLIFOQueue.remove ()","@DSModeled(DSC.SAFE)","FILE",1.0,"2013-08-21 14:38:52"
7649,"boolean java.util.Collections$AsLIFOQueue.contains (Object)","@DSModeled(DSC.SAFE)","FILE",1.0,"2013-08-21 14:38:52"
7650,"boolean java.util.Collections$AsLIFOQueue.containsAll (Collection)","@DSModeled(DSC.SAFE)","PSYCHIC",0.9033246167,"2013-08-21 14:38:52"
7651,"boolean java.util.Collections$AsLIFOQueue.isEmpty ()","@DSModeled(DSC.SAFE)","FILE",1.0,"2013-08-21 14:38:52"
7652,"boolean java.util.Collections$AsLIFOQueue.remove (Object)","@DSModeled(DSC.SAFE)","FILE",1.0,"2013-08-21 14:38:53"
7653,"boolean java.util.Collections$AsLIFOQueue.removeAll (Collection)","@DSModeled(DSC.SAFE)","PSYCHIC",0.9033246136,"2013-08-21 14:38:53"
7654,"boolean java.util.Collections$AsLIFOQueue.retainAll (Collection)","@DSModeled(DSC.SAFE)","FILE",1.0,"2013-08-21 14:38:53"
7655,"Object[] java.util.Collections$AsLIFOQueue.toArray ()","@DSModeled(DSC.SAFE)","PSYCHIC",0.9033246174,"2013-08-21 14:38:53"
7656,"Object[] java.util.Collections$AsLIFOQueue.toArray (Object[])","@DSModeled(DSC.SAFE)","FILE",1.0,"2013-08-21 14:38:53"
7657,"String java.util.Collections$AsLIFOQueue.toString ()","@DSModeled(DSC.SAFE)","PSYCHIC",0.9033246178,"2013-08-21 14:38:53"
7658,"int java.util.Collections$CheckedCollection.size ()","@DSModeled(DSC.SAFE)","PSYCHIC",0.9033246176,"2013-08-21 14:38:53"
7659,"boolean java.util.Collections$CheckedCollection.isEmpty ()","@DSModeled(DSC.SAFE)","PSYCHIC",0.9023640838,"2013-08-21 14:38:53"
7660,"boolean java.util.Collections$CheckedCollection.contains (Object)","@DSModeled(DSC.SAFE)","PSYCHIC",0.9027846829,"2013-08-21 14:38:53"
7661,"Iterator java.util.Collections$CheckedCollection.iterator ()","@DSModeled(DSC.SAFE)","PSYCHIC",0.9033243563,"2013-08-21 14:38:53"
7662,"Object[] java.util.Collections$CheckedCollection.toArray ()","@DSModeled(DSC.SAFE)","PSYCHIC",0.9033246139,"2013-08-21 14:38:53"
7663,"Object[] java.util.Collections$CheckedCollection.toArray (Object[])","@DSModeled(DSC.SAFE)","FILE",1.0,"2013-08-21 14:38:53"
7664,"boolean java.util.Collections$CheckedCollection.add (Object)","@DSModeled(DSC.SAFE)","FILE",1.0,"2013-08-21 14:38:53"
7665,"boolean java.util.Collections$CheckedCollection.remove (Object)","@DSModeled(DSC.SAFE)","PSYCHIC",0.9033246161,"2013-08-21 14:38:53"
7666,"boolean java.util.Collections$CheckedCollection.containsAll (Collection)","@DSModeled(DSC.SAFE)","PSYCHIC",0.9033246091,"2013-08-21 14:38:53"
7667,"boolean java.util.Collections$CheckedCollection.addAll (Collection)","@DSModeled(DSC.SAFE)","FILE",1.0,"2013-08-21 14:38:53"
7668,"boolean java.util.Collections$CheckedCollection.removeAll (Collection)","@DSModeled(DSC.SAFE)","PSYCHIC",0.9033245835,"2013-08-21 14:38:54"
7669,"boolean java.util.Collections$CheckedCollection.retainAll (Collection)","@DSModeled(DSC.SAFE)","PSYCHIC",0.9005092722,"2013-08-21 14:38:54"
7670,"void java.util.Collections$CheckedCollection.clear ()","@DSModeled(DSC.SAFE)","FILE",1.0,"2013-08-21 14:38:54"
7671,"String java.util.Collections$CheckedCollection.toString ()","@DSModeled(DSC.SAFE)","PSYCHIC",0.9033246178,"2013-08-21 14:38:54"
7672,"boolean java.util.Collections$CheckedListIterator.hasNext ()","@DSModeled(DSC.SAFE)","PSYCHIC",0.9033246175,"2013-08-21 14:38:54"
7673,"Object java.util.Collections$CheckedListIterator.next ()","@DSModeled(DSC.SAFE)","PSYCHIC",0.9032820992,"2013-08-21 14:38:54"
7674,"void java.util.Collections$CheckedListIterator.remove ()","@DSModeled(DSC.SAFE)","PSYCHIC",0.9016519108,"2013-08-21 14:38:54"
7675,"boolean java.util.Collections$CheckedListIterator.hasPrevious ()","@DSModeled(DSC.SAFE)","PSYCHIC",0.9033246008,"2013-08-21 14:38:54"
7676,"Object java.util.Collections$CheckedListIterator.previous ()","@DSModeled(DSC.SAFE)","PSYCHIC",0.9028734721,"2013-08-21 14:38:54"
7677,"int java.util.Collections$CheckedListIterator.nextIndex ()","@DSModeled(DSC.SAFE)","PSYCHIC",0.9033246176,"2013-08-21 14:38:54"
7678,"int java.util.Collections$CheckedListIterator.previousIndex ()","@DSModeled(DSC.SAFE)","PSYCHIC",0.9033244722,"2013-08-21 14:38:54"
7679,"void java.util.Collections$CheckedListIterator.set (Object)","@DSModeled(DSC.SAFE)","PSYCHIC",0.9033020788,"2013-08-21 14:38:54"
7680,"void java.util.Collections$CheckedListIterator.add (Object)","@DSModeled(DSC.SAFE)","PSYCHIC",0.9028032853,"2013-08-21 14:38:54"
7681,"boolean java.util.Collections$CheckedList.addAll (int, Collection)","@DSModeled(DSC.SAFE)","FILE",1.0,"2013-08-21 14:38:54"
7682,"Object java.util.Collections$CheckedList.get (int)","@DSModeled(DSC.SAFE)","FILE",1.0,"2013-08-21 14:38:54"
7683,"Object java.util.Collections$CheckedList.set (int, Object)","@DSModeled(DSC.SAFE)","PSYCHIC",0.9031220799,"2013-08-21 14:38:54"
7684,"void java.util.Collections$CheckedList.add (int, Object)","@DSModeled(DSC.SAFE)","PSYCHIC",0.9010294289,"2013-08-21 14:38:54"
7685,"Object java.util.Collections$CheckedList.remove (int)","@DSModeled(DSC.SAFE)","PSYCHIC",0.9032935277,"2013-08-21 14:38:54"
7686,"int java.util.Collections$CheckedList.indexOf (Object)","@DSModeled(DSC.SAFE)","PSYCHIC",0.9033246177,"2013-08-21 14:38:54"
7687,"int java.util.Collections$CheckedList.lastIndexOf (Object)","@DSModeled(DSC.SAFE)","PSYCHIC",0.9033246177,"2013-08-21 14:38:54"
7688,"ListIterator java.util.Collections$CheckedList.listIterator ()","@DSModeled(DSC.SAFE)","FILE",1.0,"2013-08-21 14:38:55"
7689,"ListIterator java.util.Collections$CheckedList.listIterator (int)","@DSModeled(DSC.SAFE)","PSYCHIC",0.9033244708,"2013-08-21 14:38:55"
7690,"List java.util.Collections$CheckedList.subList (int, int)","@DSModeled(DSC.SAFE)","PSYCHIC",0.9033246177,"2013-08-21 14:38:55"
7691,"boolean java.util.Collections$CheckedList.equals (Object)","@DSModeled(DSC.SAFE)","PSYCHIC",0.9032309171,"2013-08-21 14:38:55"
7692,"int java.util.Collections$CheckedList.hashCode ()","@DSModeled(DSC.SAFE)","PSYCHIC",0.9033246162,"2013-08-21 14:38:55"
7693,"boolean java.util.Collections$CheckedSet.equals (Object)","@DSModeled(DSC.SAFE)","PSYCHIC",0.9033246051,"2013-08-21 14:38:55"
7694,"int java.util.Collections$CheckedSet.hashCode ()","@DSModeled(DSC.SAFE)","PSYCHIC",0.9033246054,"2013-08-21 14:38:55"
7695,"int java.util.Collections$CheckedMap.size ()","@DSModeled(DSC.SAFE)","PSYCHIC",0.9033245968,"2013-08-21 14:38:55"
7696,"boolean java.util.Collections$CheckedMap.isEmpty ()","@DSModeled(DSC.SAFE)","PSYCHIC",0.9033244445,"2013-08-21 14:38:55"
7697,"boolean java.util.Collections$CheckedMap.containsKey (Object)","@DSModeled(DSC.SAFE)","PSYCHIC",0.9026816411,"2013-08-21 14:38:55"
7698,"boolean java.util.Collections$CheckedMap.containsValue (Object)","@DSModeled(DSC.SAFE)","PSYCHIC",0.9033245636,"2013-08-21 14:38:55"
7699,"Object java.util.Collections$CheckedMap.get (Object)","@DSModeled(DSC.SAFE)","PSYCHIC",0.9032440524,"2013-08-21 14:38:55"
7700,"Object java.util.Collections$CheckedMap.put (Object, Object)","@DSModeled(DSC.SAFE)","PSYCHIC",0.9031095229,"2013-08-21 14:38:55"
7701,"Object java.util.Collections$CheckedMap.remove (Object)","@DSModeled(DSC.SAFE)","FILE",1.0,"2013-08-21 14:38:55"
7702,"void java.util.Collections$CheckedMap.putAll (Map)","@DSModeled(DSC.SAFE)","PSYCHIC",0.9033171102,"2013-08-21 14:38:55"
7703,"void java.util.Collections$CheckedMap.clear ()","@DSModeled(DSC.SAFE)","PSYCHIC",0.9033239764,"2013-08-21 14:38:55"
7704,"Set java.util.Collections$CheckedMap.keySet ()","@DSModeled(DSC.SAFE)","PSYCHIC",0.9033245724,"2013-08-21 14:38:55"
7705,"Collection java.util.Collections$CheckedMap.values ()","@DSModeled(DSC.SAFE)","PSYCHIC",0.9033222731,"2013-08-21 14:38:55"
7706,"boolean java.util.Collections$CheckedMap.equals (Object)","@DSModeled(DSC.SAFE)","PSYCHIC",0.9033245747,"2013-08-21 14:38:55"
7707,"int java.util.Collections$CheckedMap.hashCode ()","@DSModeled(DSC.SAFE)","PSYCHIC",0.9033246167,"2013-08-21 14:38:55"
7708,"String java.util.Collections$CheckedMap.toString ()","@DSModeled(DSC.SAFE)","PSYCHIC",0.9033246178,"2013-08-21 14:38:55"
7709,"Object java.util.Collections$CheckedMap$CheckedEntry.getKey ()","@DSModeled(DSC.SAFE)","PSYCHIC",0.9032993419,"2013-08-21 14:38:55"
7710,"Object java.util.Collections$CheckedMap$CheckedEntry.getValue ()","@DSModeled(DSC.SAFE)","PSYCHIC",0.9032705496,"2013-08-21 14:38:55"
7711,"Object java.util.Collections$CheckedMap$CheckedEntry.setValue (Object)","@DSModeled(DSC.SAFE)","PSYCHIC",0.9033208685,"2013-08-21 14:38:55"
7712,"boolean java.util.Collections$CheckedMap$CheckedEntry.equals (Object)","@DSModeled(DSC.SAFE)","PSYCHIC",0.9033244825,"2013-08-21 14:38:55"
7713,"int java.util.Collections$CheckedMap$CheckedEntry.hashCode ()","@DSModeled(DSC.SAFE)","PSYCHIC",0.9033243752,"2013-08-21 14:38:56"
7714,"Object[] java.util.Collections$CheckedMap$CheckedEntrySet.toArray ()","@DSModeled(DSC.SAFE)","PSYCHIC",0.9033245866,"2013-08-21 14:38:56"
7715,"Object[] java.util.Collections$CheckedMap$CheckedEntrySet.toArray (Object[])","@DSModeled(DSC.SAFE)","FILE",1.0,"2013-08-21 14:38:56"
7716,"boolean java.util.Collections$CheckedMap$CheckedEntrySet.retainAll (Collection)","@DSModeled(DSC.SAFE)","PSYCHIC",0.9027853334,"2013-08-21 14:38:56"
7717,"boolean java.util.Collections$CheckedMap$CheckedEntrySet.removeAll (Collection)","@DSModeled(DSC.SAFE)","PSYCHIC",0.9033245952,"2013-08-21 14:38:56"
7718,"boolean java.util.Collections$CheckedMap$CheckedEntrySet.containsAll (Collection)","@DSModeled(DSC.SAFE)","PSYCHIC",0.9033246121,"2013-08-21 14:38:56"
7719,"boolean java.util.Collections$CheckedMap$CheckedEntrySet.remove (Object)","@DSModeled(DSC.SAFE)","PSYCHIC",0.9033246167,"2013-08-21 14:38:56"
7720,"boolean java.util.Collections$CheckedMap$CheckedEntrySet.contains (Object)","@DSModeled(DSC.SAFE)","PSYCHIC",0.9026873305,"2013-08-21 14:38:56"
7721,"boolean java.util.Collections$CheckedMap$CheckedEntrySet.add (Entry)","@DSModeled(DSC.SAFE)","PSYCHIC",0.9033246075,"2013-08-21 14:38:56"
7722,"boolean java.util.Collections$CheckedMap$CheckedEntrySet.isEmpty ()","@DSModeled(DSC.SAFE)","PSYCHIC",0.903324603,"2013-08-21 14:38:56"
7723,"void java.util.Collections$CheckedMap$CheckedEntrySet.clear ()","@DSModeled(DSC.SAFE)","PSYCHIC",0.9008016678,"2013-08-21 14:38:56"
7724,"int java.util.Collections$CheckedMap$CheckedEntrySet.size ()","@DSModeled(DSC.SAFE)","PSYCHIC",0.903324616,"2013-08-21 14:38:56"
7725,"int java.util.Collections$CheckedMap$CheckedEntrySet.hashCode ()","@DSModeled(DSC.SAFE)","PSYCHIC",0.9033243873,"2013-08-21 14:38:56"
7726,"boolean java.util.Collections$CheckedMap$CheckedEntrySet.equals (Object)","@DSModeled(DSC.SAFE)","PSYCHIC",0.9031411791,"2013-08-21 14:38:56"
7727,"boolean java.util.Collections$CheckedMap$CheckedEntrySet$CheckedEntryIterator.hasNext ()","@DSModeled(DSC.SAFE)","PSYCHIC",0.9033227098,"2013-08-21 14:38:56"
7728,"void java.util.Collections$CheckedMap$CheckedEntrySet$CheckedEntryIterator.remove ()","@DSModeled(DSC.SAFE)","PSYCHIC",0.9028236293,"2013-08-21 14:38:56"
7729,"Entry java.util.Collections$CheckedMap$CheckedEntrySet$CheckedEntryIterator.next ()","@DSModeled(DSC.SAFE)","FILE",1.0,"2013-08-21 14:38:56"
7730,"Comparator java.util.Collections$CheckedSortedSet.comparator ()","@DSModeled(DSC.SAFE)","PSYCHIC",0.9033241595,"2013-08-21 14:38:56"
7731,"SortedSet java.util.Collections$CheckedSortedSet.subSet (Object, Object)","@DSModeled(DSC.SAFE)","PSYCHIC",0.9016421078,"2013-08-21 14:38:56"
7732,"SortedSet java.util.Collections$CheckedSortedSet.headSet (Object)","@DSModeled(DSC.SAFE)","PSYCHIC",0.903324599,"2013-08-21 14:38:56"
7733,"SortedSet java.util.Collections$CheckedSortedSet.tailSet (Object)","@DSModeled(DSC.SAFE)","PSYCHIC",0.9016421078,"2013-08-21 14:38:56"
7734,"Object java.util.Collections$CheckedSortedSet.first ()","@DSModeled(DSC.SAFE)","PSYCHIC",0.9027608129,"2013-08-21 14:38:56"
7735,"Object java.util.Collections$CheckedSortedSet.last ()","@DSModeled(DSC.SAFE)","FILE",1.0,"2013-08-21 14:38:56"
7736,"Comparator java.util.Collections$CheckedSortedMap.comparator ()","@DSModeled(DSC.SAFE)","PSYCHIC",0.9033237601,"2013-08-21 14:38:56"
7737,"SortedMap java.util.Collections$CheckedSortedMap.subMap (Object, Object)","@DSModeled(DSC.SAFE)","FILE",1.0,"2013-08-21 14:38:57"
7738,"SortedMap java.util.Collections$CheckedSortedMap.headMap (Object)","@DSModeled(DSC.SAFE)","PSYCHIC",0.9033246086,"2013-08-21 14:38:57"
7739,"SortedMap java.util.Collections$CheckedSortedMap.tailMap (Object)","@DSModeled(DSC.SAFE)","FILE",1.0,"2013-08-21 14:38:57"
7740,"Object java.util.Collections$CheckedSortedMap.firstKey ()","@DSModeled(DSC.SAFE)","PSYCHIC",0.9033051868,"2013-08-21 14:38:57"
7741,"Object java.util.Collections$CheckedSortedMap.lastKey ()","@DSModeled(DSC.SAFE)","PSYCHIC",0.9008202238,"2013-08-21 14:38:57"
7742,"boolean java.util.Collections$2.hasNext ()","@DSModeled(DSC.SAFE)","FILE",1.0,"2013-08-21 14:38:57"
7743,"Object java.util.Collections$2.next ()","@DSModeled(DSC.SAFE)","FILE",1.0,"2013-08-21 14:38:57"
7744,"void java.util.Collections$2.remove ()","@DSModeled(DSC.SAFE)","FILE",1.0,"2013-08-21 14:38:57"
7745,"boolean java.util.Collections$3.hasMoreElements ()","@DSModeled(DSC.SAFE)","FILE",1.0,"2013-08-21 14:38:57"
7746,"Object java.util.Collections$3.nextElement ()","@DSModeled(DSC.SAFE)","FILE",1.0,"2013-08-21 14:38:57"
